region_code,region_name,year,quarter,buildings_count,apartments_count,total_living_area
1,Республика Адыгея,2026,2,6,1445,71317
2,Республика Башкортостан,2026,2,31,4051,182890
3,Республика Бурятия,2026,2,24,1842,91725
4,Республика Алтай,2026,2,3,396,15806
5,Республика Дагестан,2026,2,15,2326,124236
7,Кабардино-Балкарская Республика,2026,2,16,2455,150930
9,Карачаево-Черкесская Республика,2026,2,3,168,8687
10,Республика Карелия,2026,2,4,373,17159
11,Республика Коми,2026,2,1,131,7915
12,Республика Марий Эл,2026,2,3,330,21790
13,Республика Мордовия,2026,2,4,597,27498
14,Республика Саха (Якутия),2026,2,9,1351,62516
15,Республика Северная Осетия,2026,2,9,1040,65202
16,Республика Татарстан,2026,2,13,5191,260724
17,Республика Тыва,2026,2,6,330,19122
18,Удмуртская Республика,2026,2,13,2756,141658
19,Республика Хакасия,2026,2,3,440,25039
20,Чеченская Республика,2026,2,1,176,9230
21,Чувашская Республика,2026,2,15,1275,71568
22,Алтайский край,2026,2,11,1969,105922
23,Краснодарский край,2026,2,24,8753,391621
24,Красноярский край,2026,2,12,1876,102995
25,Приморский край,2026,2,15,2293,111434
26,Ставропольский край,2026,2,21,4503,233530
27,Хабаровский край,2026,2,18,3652,150664
28,Амурская область,2026,2,3,345,15610
29,Архангельская область,2026,2,7,816,42689
30,Астраханская область,2026,2,6,943,45607
31,Белгородская область,2026,2,1,205,10653
32,Брянская область,2026,2,3,385,24632
33,Владимирская область,2026,2,12,309,16838
34,Волгоградская область,2026,2,33,3657,173868
35,Вологодская область,2026,2,26,1469,78066
36,Воронежская область,2026,2,13,1644,86060
37,Ивановская область,2026,2,5,659,39960
38,Иркутская область,2026,2,16,3019,141812
39,Калининградская область,2026,2,46,3868,194652
40,Калужская область,2026,2,10,1371,75207
41,Камчатский край,2026,2,1,43,1547
42,Кемеровская область - Кузбасс,2026,2,2,399,20953
43,Кировская область,2026,2,11,1328,70628
44,Костромская область,2026,2,1,62,3414
45,Курганская область,2026,2,2,346,16051
46,Курская область,2026,2,4,1030,54226
47,Ленинградская область,2026,2,39,15347,555573
48,Липецкая область,2026,2,46,612,29206
50,Московская область,2026,2,104,13760,656420
51,Мурманская область,2026,2,1,193,10063
52,Нижегородская область,2026,2,18,3134,159413
53,Новгородская область,2026,2,9,836,45342
54,Новосибирская область,2026,2,47,5194,269193
55,Омская область,2026,2,5,2120,100341
56,Оренбургская область,2026,2,12,893,49872
57,Орловская область,2026,2,5,417,24791
58,Пензенская область,2026,2,17,3553,169096
59,Пермский край,2026,2,22,4474,218952
60,Псковская область,2026,2,9,984,50533
61,Ростовская область,2026,2,5,1277,57014
62,Рязанская область,2026,2,15,1449,85212
63,Самарская область,2026,2,20,4629,234482
64,Саратовская область,2026,2,7,489,27927
65,Сахалинская область,2026,2,2,665,32437
66,Свердловская область,2026,2,39,10545,474265
67,Смоленская область,2026,2,9,896,45927
68,Тамбовская область,2026,2,8,834,49708
69,Тверская область,2026,2,19,1199,61872
70,Томская область,2026,2,7,1749,83438
71,Тульская область,2026,2,17,3063,151418
72,Тюменская область,2026,2,8,2354,117838
73,Ульяновская область,2026,2,8,826,44662
74,Челябинская область,2026,2,44,3927,216478
75,Забайкальский край,2026,2,5,1103,52692
76,Ярославская область,2026,2,30,4010,203207
77,Город Москва,2026,2,20,9157,559082
78,Город Санкт-Петербург,2026,2,7,2854,113883
79,Еврейская АО,2026,2,1,263,9979
86,Ханты-Мансийский АО - Югра,2026,2,6,677,35736
89,Ямало-Ненецкий АО,2026,2,11,251,14623
91,Республика Крым,2026,2,33,4999,245838
92,Город Севастополь,2026,2,1,380,21694
93,Донецкая Народная Республика,2026,2,7,1138,49222
94,Луганская Народная Республика,2026,2,15,2626,133200
95,Херсонская область,2026,2,3,1165,48754
1,Республика Адыгея,2026,1,5,1522,70147
2,Республика Башкортостан,2026,1,43,10225,473922
3,Республика Бурятия,2026,1,10,1334,59327
4,Республика Алтай,2026,1,1,71,3347
5,Республика Дагестан,2026,1,10,2079,116751
7,Кабардино-Балкарская Республика,2026,1,16,3033,184185
9,Карачаево-Черкесская Республика,2026,1,2,318,21205
10,Республика Карелия,2026,1,5,727,34809
11,Республика Коми,2026,1,2,230,11977
12,Республика Марий Эл,2026,1,3,309,14994
13,Республика Мордовия,2026,1,1,300,16182
14,Республика Саха (Якутия),2026,1,5,635,32072
15,Республика Северная Осетия,2026,1,5,662,36308
16,Республика Татарстан,2026,1,16,3771,173002
17,Республика Тыва,2026,1,8,461,22340
18,Удмуртская Республика,2026,1,7,999,51815
19,Республика Хакасия,2026,1,5,694,34824
20,Чеченская Республика,2026,1,0,,
21,Чувашская Республика,2026,1,9,1203,73101
22,Алтайский край,2026,1,15,2817,138853
23,Краснодарский край,2026,1,50,12270,507491
24,Красноярский край,2026,1,7,2113,98114
25,Приморский край,2026,1,23,2937,148485
26,Ставропольский край,2026,1,29,8212,393630
27,Хабаровский край,2026,1,8,1415,70270
28,Амурская область,2026,1,7,1050,53127
29,Архангельская область,2026,1,13,2797,125232
30,Астраханская область,2026,1,14,3178,144735
31,Белгородская область,2026,1,11,608,28426
32,Брянская область,2026,1,8,931,49972
33,Владимирская область,2026,1,3,558,27409
34,Волгоградская область,2026,1,18,1505,76276
35,Вологодская область,2026,1,7,679,30656
36,Воронежская область,2026,1,7,1735,86287
37,Ивановская область,2026,1,5,407,24710
38,Иркутская область,2026,1,5,1007,50140
39,Калининградская область,2026,1,25,2668,140942
40,Калужская область,2026,1,8,913,55261
42,Кемеровская область - Кузбасс,2026,1,3,915,39413
43,Кировская область,2026,1,16,1856,102984
44,Костромская область,2026,1,9,449,23962
45,Курганская область,2026,1,5,720,33316
46,Курская область,2026,1,29,547,31472
47,Ленинградская область,2026,1,151,18288,761630
48,Липецкая область,2026,1,25,889,45238
50,Московская область,2026,1,65,17479,791695
52,Нижегородская область,2026,1,9,2310,123972
53,Новгородская область,2026,1,3,166,7753
54,Новосибирская область,2026,1,26,6228,334571
55,Омская область,2026,1,10,2817,132577
56,Оренбургская область,2026,1,20,2565,134168
57,Орловская область,2026,1,2,405,20340
58,Пензенская область,2026,1,8,2564,118651
59,Пермский край,2026,1,15,2930,144075
60,Псковская область,2026,1,4,644,29878
61,Ростовская область,2026,1,32,7977,382823
62,Рязанская область,2026,1,6,2036,82884
63,Самарская область,2026,1,6,877,52821
64,Саратовская область,2026,1,7,488,24830
66,Свердловская область,2026,1,26,10275,492478
67,Смоленская область,2026,1,6,774,42783
68,Тамбовская область,2026,1,15,776,38226
69,Тверская область,2026,1,5,567,28227
70,Томская область,2026,1,5,1374,61070
71,Тульская область,2026,1,18,3473,160709
72,Тюменская область,2026,1,22,4847,257256
73,Ульяновская область,2026,1,13,2698,126001
74,Челябинская область,2026,1,13,1604,79758
75,Забайкальский край,2026,1,5,562,29304
76,Ярославская область,2026,1,18,1478,78477
77,Город Москва,2026,1,33,12230,761080
78,Город Санкт-Петербург,2026,1,20,10028,427845
79,Еврейская АО,2026,1,1,84,4475
86,Ханты-Мансийский АО - Югра,2026,1,3,430,17016
87,Чукотский АО,2026,1,0,,
89,Ямало-Ненецкий АО,2026,1,37,311,18491
91,Республика Крым,2026,1,17,2812,143238
92,Город Севастополь,2026,1,8,777,40942
93,Донецкая Народная Республика,2026,1,17,4053,178453
94,Луганская Народная Республика,2026,1,39,4780,225578
95,Херсонская область,2026,1,6,1080,42805
1,Республика Адыгея,2025,4,43,9816,426884
2,Республика Башкортостан,2025,4,60,7656,347980
3,Республика Бурятия,2025,4,8,1306,63278
4,Республика Алтай,2025,4,12,1206,55763
5,Республика Дагестан,2025,4,15,1455,76628
6,Республика Ингушетия,2025,4,6,652,50983
7,Кабардино-Балкарская Республика,2025,4,23,4017,217488
8,Республика Калмыкия,2025,4,1,35,2162
9,Карачаево-Черкесская Республика,2025,4,2,102,6452
10,Республика Карелия,2025,4,13,1539,79782
11,Республика Коми,2025,4,2,676,33636
12,Республика Марий Эл,2025,4,9,924,51174
13,Республика Мордовия,2025,4,8,1133,58702
14,Республика Саха (Якутия),2025,4,8,953,48945
15,Республика Северная Осетия,2025,4,9,1548,95684
16,Республика Татарстан,2025,4,19,5145,247602
17,Республика Тыва,2025,4,0,,
18,Удмуртская Республика,2025,4,18,3735,173960
19,Республика Хакасия,2025,4,3,661,29789
20,Чеченская Республика,2025,4,37,6188,383649
21,Чувашская Республика,2025,4,14,2042,110121
22,Алтайский край,2025,4,15,2022,101839
23,Краснодарский край,2025,4,77,19567,876202
24,Красноярский край,2025,4,15,3147,163978
25,Приморский край,2025,4,23,2911,134916
26,Ставропольский край,2025,4,25,3654,194666
27,Хабаровский край,2025,4,6,806,35797
28,Амурская область,2025,4,4,550,27210
29,Архангельская область,2025,4,16,2076,112966
30,Астраханская область,2025,4,11,3183,147027
31,Белгородская область,2025,4,12,694,36041
32,Брянская область,2025,4,24,1394,67627
33,Владимирская область,2025,4,6,789,44747
34,Волгоградская область,2025,4,33,3893,171196
35,Вологодская область,2025,4,15,1232,72374
36,Воронежская область,2025,4,16,2898,148121
37,Ивановская область,2025,4,6,744,43305
38,Иркутская область,2025,4,13,2349,104506
39,Калининградская область,2025,4,40,3856,179809
40,Калужская область,2025,4,20,3622,184209
41,Камчатский край,2025,4,1,198,8564
42,Кемеровская область - Кузбасс,2025,4,10,1307,65536
43,Кировская область,2025,4,17,2407,113364
44,Костромская область,2025,4,10,849,44168
45,Курганская область,2025,4,9,1158,60165
46,Курская область,2025,4,9,740,36326
47,Ленинградская область,2025,4,28,6669,276217
48,Липецкая область,2025,4,25,2781,127892
50,Московская область,2025,4,73,15707,744519
51,Мурманская область,2025,4,3,547,29181
52,Нижегородская область,2025,4,25,4846,242334
53,Новгородская область,2025,4,10,1284,62204
54,Новосибирская область,2025,4,37,6783,338170
55,Омская область,2025,4,4,816,38150
56,Оренбургская область,2025,4,18,1190,63344
57,Орловская область,2025,4,4,622,34032
58,Пензенская область,2025,4,10,2779,127572
59,Пермский край,2025,4,20,5476,276067
60,Псковская область,2025,4,15,1694,78874
61,Ростовская область,2025,4,46,10872,513992
62,Рязанская область,2025,4,1,124,6520
63,Самарская область,2025,4,13,1802,100883
64,Саратовская область,2025,4,10,438,25693
65,Сахалинская область,2025,4,0,,
66,Свердловская область,2025,4,58,18442,917408
67,Смоленская область,2025,4,4,302,16240
68,Тамбовская область,2025,4,5,692,28442
69,Тверская область,2025,4,0,,
70,Томская область,2025,4,5,1389,68883
71,Тульская область,2025,4,10,2087,99676
72,Тюменская область,2025,4,33,6373,318405
73,Ульяновская область,2025,4,6,765,41253
74,Челябинская область,2025,4,32,5158,254879
75,Забайкальский край,2025,4,1,70,4055
76,Ярославская область,2025,4,26,2771,140038
77,Город Москва,2025,4,37,17810,1033340
78,Город Санкт-Петербург,2025,4,26,10148,482334
79,Еврейская АО,2025,4,1,12,498
83,Ненецкий АО,2025,4,1,41,2215
86,Ханты-Мансийский АО - Югра,2025,4,9,1499,83285
87,Чукотский АО,2025,4,4,265,13855
89,Ямало-Ненецкий АО,2025,4,4,397,20702
90,Запорожская область,2025,4,5,1252,46491
91,Республика Крым,2025,4,49,3640,180055
92,Город Севастополь,2025,4,5,498,24832
93,Донецкая Народная Республика,2025,4,13,2005,84373
94,Луганская Народная Республика,2025,4,14,1836,89126
95,Херсонская область,2025,4,3,678,27254
1,Республика Адыгея,2025,3,8,1542,72995
2,Республика Башкортостан,2025,3,22,5415,250287
3,Республика Бурятия,2025,3,7,1054,54451
4,Республика Алтай,2025,3,5,419,20270
5,Республика Дагестан,2025,3,10,1458,100551
7,Кабардино-Балкарская Республика,2025,3,8,720,47987
8,Республика Калмыкия,2025,3,1,44,2623
9,Карачаево-Черкесская Республика,2025,3,2,319,26758
10,Республика Карелия,2025,3,3,524,24949
11,Республика Коми,2025,3,3,533,31912
12,Республика Марий Эл,2025,3,14,1697,109218
13,Республика Мордовия,2025,3,1,159,7491
14,Республика Саха (Якутия),2025,3,10,1880,83679
15,Республика Северная Осетия,2025,3,5,659,34704
16,Республика Татарстан,2025,3,13,4867,243168
17,Республика Тыва,2025,3,12,1080,49135
18,Удмуртская Республика,2025,3,6,1525,74684
19,Республика Хакасия,2025,3,2,88,3609
20,Чеченская Республика,2025,3,23,4188,215805
21,Чувашская Республика,2025,3,11,1204,69486
22,Алтайский край,2025,3,10,1372,65301
23,Краснодарский край,2025,3,63,19279,874981
24,Красноярский край,2025,3,14,3507,199598
25,Приморский край,2025,3,17,3698,177671
26,Ставропольский край,2025,3,43,5477,274977
27,Хабаровский край,2025,3,26,3084,158891
28,Амурская область,2025,3,4,1008,47005
29,Архангельская область,2025,3,16,2205,121644
30,Астраханская область,2025,3,3,914,38000
31,Белгородская область,2025,3,18,1380,70653
32,Брянская область,2025,3,3,801,40907
33,Владимирская область,2025,3,5,317,17267
34,Волгоградская область,2025,3,12,1679,77810
35,Вологодская область,2025,3,10,1537,78666
36,Воронежская область,2025,3,22,5317,267414
37,Ивановская область,2025,3,6,484,28968
38,Иркутская область,2025,3,12,1647,79566
39,Калининградская область,2025,3,42,4135,217968
40,Калужская область,2025,3,4,502,24862
42,Кемеровская область - Кузбасс,2025,3,11,1689,75227
43,Кировская область,2025,3,11,1144,59608
44,Костромская область,2025,3,5,451,26109
45,Курганская область,2025,3,1,34,1218
46,Курская область,2025,3,6,2005,106592
47,Ленинградская область,2025,3,55,12543,509458
48,Липецкая область,2025,3,32,491,27874
49,Магаданская область,2025,3,2,268,13348
50,Московская область,2025,3,88,6147,291818
52,Нижегородская область,2025,3,21,3620,178463
53,Новгородская область,2025,3,2,175,9167
54,Новосибирская область,2025,3,83,3965,202478
55,Омская область,2025,3,10,1327,71448
56,Оренбургская область,2025,3,9,1630,82379
57,Орловская область,2025,3,2,423,23565
58,Пензенская область,2025,3,9,2152,108146
59,Пермский край,2025,3,16,3453,161821
60,Псковская область,2025,3,6,635,28603
61,Ростовская область,2025,3,37,11971,613631
62,Рязанская область,2025,3,7,2426,125445
63,Самарская область,2025,3,30,1728,79535
64,Саратовская область,2025,3,7,2634,159892
65,Сахалинская область,2025,3,2,847,38290
66,Свердловская область,2025,3,41,13922,739660
67,Смоленская область,2025,3,5,562,30462
68,Тамбовская область,2025,3,10,954,49574
69,Тверская область,2025,3,2,52,4153
70,Томская область,2025,3,1,654,30811
71,Тульская область,2025,3,6,1042,75143
72,Тюменская область,2025,3,22,5629,271211
73,Ульяновская область,2025,3,7,1051,47906
74,Челябинская область,2025,3,18,3752,186380
75,Забайкальский край,2025,3,12,1855,81314
76,Ярославская область,2025,3,18,1626,81649
77,Город Москва,2025,3,35,18576,1060648
78,Город Санкт-Петербург,2025,3,25,7372,302701
86,Ханты-Мансийский АО - Югра,2025,3,0,,
89,Ямало-Ненецкий АО,2025,3,2,166,8107
91,Республика Крым,2025,3,40,3280,161668
92,Город Севастополь,2025,3,2,205,10811
93,Донецкая Народная Республика,2025,3,27,2881,133596
94,Луганская Народная Республика,2025,3,15,1724,99924
95,Херсонская область,2025,3,2,287,14865
1,Республика Адыгея,2025,2,14,3046,133127
2,Республика Башкортостан,2025,2,15,2456,119734
3,Республика Бурятия,2025,2,8,908,39000
4,Республика Алтай,2025,2,8,531,30589
5,Республика Дагестан,2025,2,7,1464,87261
7,Кабардино-Балкарская Республика,2025,2,5,1497,81976
8,Республика Калмыкия,2025,2,1,72,5732
9,Карачаево-Черкесская Республика,2025,2,6,987,51746
10,Республика Карелия,2025,2,3,134,10284
11,Республика Коми,2025,2,2,156,9811
12,Республика Марий Эл,2025,2,8,720,42110
13,Республика Мордовия,2025,2,4,457,24057
14,Республика Саха (Якутия),2025,2,6,881,42895
15,Республика Северная Осетия,2025,2,5,440,25357
16,Республика Татарстан,2025,2,52,8281,391507
17,Республика Тыва,2025,2,0,,
18,Удмуртская Республика,2025,2,19,3054,148619
19,Республика Хакасия,2025,2,7,516,22756
20,Чеченская Республика,2025,2,4,1144,67526
21,Чувашская Республика,2025,2,13,1447,83547
22,Алтайский край,2025,2,5,798,40296
23,Краснодарский край,2025,2,57,8295,386764
24,Красноярский край,2025,2,9,3757,197269
25,Приморский край,2025,2,20,3576,180997
26,Ставропольский край,2025,2,27,5228,274696
27,Хабаровский край,2025,2,18,4172,189697
28,Амурская область,2025,2,5,576,26277
29,Архангельская область,2025,2,9,1827,85114
30,Астраханская область,2025,2,8,2026,96937
31,Белгородская область,2025,2,12,766,39173
32,Брянская область,2025,2,4,459,22156
33,Владимирская область,2025,2,3,344,17135
34,Волгоградская область,2025,2,21,1826,90149
35,Вологодская область,2025,2,7,607,37942
36,Воронежская область,2025,2,21,5956,269976
37,Ивановская область,2025,2,4,374,21392
38,Иркутская область,2025,2,12,2019,104585
39,Калининградская область,2025,2,24,3044,125446
40,Калужская область,2025,2,6,668,38021
42,Кемеровская область - Кузбасс,2025,2,8,1285,63552
43,Кировская область,2025,2,9,881,46494
44,Костромская область,2025,2,5,226,12958
45,Курганская область,2025,2,3,338,17308
46,Курская область,2025,2,7,597,33571
47,Ленинградская область,2025,2,71,6445,284421
48,Липецкая область,2025,2,41,403,25649
50,Московская область,2025,2,100,12193,561534
51,Мурманская область,2025,2,2,926,40546
52,Нижегородская область,2025,2,19,5746,268178
53,Новгородская область,2025,2,2,216,10771
54,Новосибирская область,2025,2,42,8599,438481
55,Омская область,2025,2,6,1429,73017
56,Оренбургская область,2025,2,17,1238,64220
57,Орловская область,2025,2,1,150,8872
58,Пензенская область,2025,2,4,994,49524
59,Пермский край,2025,2,19,3984,193610
60,Псковская область,2025,2,7,704,33253
61,Ростовская область,2025,2,12,3194,146152
62,Рязанская область,2025,2,3,1119,51240
63,Самарская область,2025,2,9,1868,92484
64,Саратовская область,2025,2,7,611,32993
65,Сахалинская область,2025,2,4,498,32688
66,Свердловская область,2025,2,37,8113,393288
67,Смоленская область,2025,2,5,256,13760
68,Тамбовская область,2025,2,2,230,12206
69,Тверская область,2025,2,4,803,36139
70,Томская область,2025,2,2,167,8205
71,Тульская область,2025,2,6,1029,55158
72,Тюменская область,2025,2,26,8757,439116
73,Ульяновская область,2025,2,11,135,7804
74,Челябинская область,2025,2,24,4214,218464
75,Забайкальский край,2025,2,3,583,27932
76,Ярославская область,2025,2,18,2115,92383
77,Город Москва,2025,2,40,19210,1024047
78,Город Санкт-Петербург,2025,2,30,12003,473966
86,Ханты-Мансийский АО - Югра,2025,2,11,1524,87090
87,Чукотский АО,2025,2,1,40,2144
89,Ямало-Ненецкий АО,2025,2,5,533,30415
91,Республика Крым,2025,2,29,6476,320064
92,Город Севастополь,2025,2,2,193,10743
93,Донецкая Народная Республика,2025,2,12,1564,78545
94,Луганская Народная Республика,2025,2,1,140,10803
95,Херсонская область,2025,2,4,813,35708
1,Республика Адыгея,2025,1,5,1688,89381
2,Республика Башкортостан,2025,1,22,5544,233961
3,Республика Бурятия,2025,1,7,531,25490
5,Республика Дагестан,2025,1,0,,
7,Кабардино-Балкарская Республика,2025,1,4,534,33507
8,Республика Калмыкия,2025,1,1,8,1026
9,Карачаево-Черкесская Республика,2025,1,2,447,24427
10,Республика Карелия,2025,1,2,185,8640
11,Республика Коми,2025,1,1,28,1639
12,Республика Марий Эл,2025,1,10,720,33603
13,Республика Мордовия,2025,1,1,136,6820
14,Республика Саха (Якутия),2025,1,8,1201,61449
15,Республика Северная Осетия,2025,1,1,182,11009
16,Республика Татарстан,2025,1,29,4313,214754
17,Республика Тыва,2025,1,7,240,11688
18,Удмуртская Республика,2025,1,17,2218,102259
19,Республика Хакасия,2025,1,2,408,20043
20,Чеченская Республика,2025,1,1,396,29030
21,Чувашская Республика,2025,1,4,393,22332
22,Алтайский край,2025,1,7,1060,51490
23,Краснодарский край,2025,1,39,9461,436256
24,Красноярский край,2025,1,13,2827,156352
25,Приморский край,2025,1,12,1922,87752
26,Ставропольский край,2025,1,20,3915,197298
27,Хабаровский край,2025,1,13,2556,128538
28,Амурская область,2025,1,1,135,6427
29,Архангельская область,2025,1,5,587,24534
30,Астраханская область,2025,1,3,754,33604
31,Белгородская область,2025,1,2,265,14216
32,Брянская область,2025,1,12,672,37374
33,Владимирская область,2025,1,4,749,44491
34,Волгоградская область,2025,1,16,1372,61864
35,Вологодская область,2025,1,7,584,28037
36,Воронежская область,2025,1,19,4809,237551
37,Ивановская область,2025,1,4,434,26404
38,Иркутская область,2025,1,5,735,43925
39,Калининградская область,2025,1,17,1610,80006
40,Калужская область,2025,1,2,151,6818
41,Камчатский край,2025,1,0,,
42,Кемеровская область - Кузбасс,2025,1,3,297,15291
43,Кировская область,2025,1,5,844,42355
44,Костромская область,2025,1,7,501,28647
45,Курганская область,2025,1,1,325,18400
46,Курская область,2025,1,0,,
47,Ленинградская область,2025,1,38,7789,340890
48,Липецкая область,2025,1,41,535,30490
50,Московская область,2025,1,41,8518,375990
52,Нижегородская область,2025,1,10,2280,115260
53,Новгородская область,2025,1,8,742,39706
54,Новосибирская область,2025,1,47,5544,304639
55,Омская область,2025,1,7,1587,88473
56,Оренбургская область,2025,1,14,1234,59507
57,Орловская область,2025,1,2,317,18299
58,Пензенская область,2025,1,11,2642,132926
59,Пермский край,2025,1,17,2453,125806
60,Псковская область,2025,1,6,674,30604
61,Ростовская область,2025,1,13,5022,209309
62,Рязанская область,2025,1,3,301,15566
63,Самарская область,2025,1,13,1796,93894
64,Саратовская область,2025,1,2,418,21190
65,Сахалинская область,2025,1,1,453,20921
66,Свердловская область,2025,1,27,10395,494050
67,Смоленская область,2025,1,15,1287,68006
68,Тамбовская область,2025,1,6,983,55601
69,Тверская область,2025,1,1,96,6375
70,Томская область,2025,1,13,2098,106357
71,Тульская область,2025,1,8,1566,84483
72,Тюменская область,2025,1,21,4172,212175
73,Ульяновская область,2025,1,8,1552,71652
74,Челябинская область,2025,1,9,1507,80983
75,Забайкальский край,2025,1,7,995,45995
76,Ярославская область,2025,1,7,533,27494
77,Город Москва,2025,1,20,14130,772456
78,Город Санкт-Петербург,2025,1,22,13218,539465
86,Ханты-Мансийский АО - Югра,2025,1,5,645,33217
89,Ямало-Ненецкий АО,2025,1,2,165,7815
91,Республика Крым,2025,1,33,5854,261803
92,Город Севастополь,2025,1,2,96,4396
93,Донецкая Народная Республика,2025,1,5,785,38517
94,Луганская Народная Республика,2025,1,2,160,10337
1,Республика Адыгея,2024,4,8,1278,58167
2,Республика Башкортостан,2024,4,35,8794,393473
3,Республика Бурятия,2024,4,14,2306,124262
4,Республика Алтай,2024,4,0,,
5,Республика Дагестан,2024,4,16,3273,182432
7,Кабардино-Балкарская Республика,2024,4,3,1106,59850
8,Республика Калмыкия,2024,4,2,126,6798
9,Карачаево-Черкесская Республика,2024,4,1,96,5437
10,Республика Карелия,2024,4,3,519,25265
11,Республика Коми,2024,4,1,84,5979
12,Республика Марий Эл,2024,4,11,1091,63295
13,Республика Мордовия,2024,4,9,739,41144
14,Республика Саха (Якутия),2024,4,16,2027,88245
15,Республика Северная Осетия,2024,4,7,727,48666
16,Республика Татарстан,2024,4,35,6898,371592
17,Республика Тыва,2024,4,6,487,22397
18,Удмуртская Республика,2024,4,5,874,47513
19,Республика Хакасия,2024,4,4,596,29215
20,Чеченская Республика,2024,4,16,2731,147166
21,Чувашская Республика,2024,4,11,1661,98421
22,Алтайский край,2024,4,14,2153,133210
23,Краснодарский край,2024,4,102,14138,651349
24,Красноярский край,2024,4,19,6262,314078
25,Приморский край,2024,4,34,7388,347221
26,Ставропольский край,2024,4,26,3900,189570
27,Хабаровский край,2024,4,9,1557,88161
28,Амурская область,2024,4,3,192,8341
29,Архангельская область,2024,4,12,1974,94126
30,Астраханская область,2024,4,9,1941,89420
31,Белгородская область,2024,4,10,374,19085
32,Брянская область,2024,4,11,654,30093
33,Владимирская область,2024,4,10,1922,92332
34,Волгоградская область,2024,4,17,1392,63127
35,Вологодская область,2024,4,37,748,48048
36,Воронежская область,2024,4,22,5529,263694
37,Ивановская область,2024,4,8,674,42670
38,Иркутская область,2024,4,8,1113,59756
39,Калининградская область,2024,4,37,3420,172956
40,Калужская область,2024,4,5,1077,59956
41,Камчатский край,2024,4,5,845,47825
42,Кемеровская область - Кузбасс,2024,4,4,721,35577
43,Кировская область,2024,4,10,1139,62572
44,Костромская область,2024,4,3,143,8286
45,Курганская область,2024,4,7,1248,61122
46,Курская область,2024,4,5,1115,62723
47,Ленинградская область,2024,4,33,10982,463408
48,Липецкая область,2024,4,4,667,37821
50,Московская область,2024,4,64,19544,840444
51,Мурманская область,2024,4,1,310,15019
52,Нижегородская область,2024,4,20,4149,198715
53,Новгородская область,2024,4,0,,
54,Новосибирская область,2024,4,143,6784,332046
55,Омская область,2024,4,2,463,26188
56,Оренбургская область,2024,4,47,2091,106332
57,Орловская область,2024,4,0,,
58,Пензенская область,2024,4,12,3437,190553
59,Пермский край,2024,4,15,3567,172135
60,Псковская область,2024,4,4,423,19675
61,Ростовская область,2024,4,70,28745,1296924
62,Рязанская область,2024,4,2,782,34941
63,Самарская область,2024,4,13,2376,120935
64,Саратовская область,2024,4,14,1995,125324
65,Сахалинская область,2024,4,5,690,32910
66,Свердловская область,2024,4,76,12811,605870
67,Смоленская область,2024,4,16,1638,91587
68,Тамбовская область,2024,4,6,1039,44368
69,Тверская область,2024,4,2,60,3733
70,Томская область,2024,4,4,647,34141
71,Тульская область,2024,4,6,1984,116005
72,Тюменская область,2024,4,28,9652,479343
73,Ульяновская область,2024,4,3,461,23124
74,Челябинская область,2024,4,15,2604,154831
75,Забайкальский край,2024,4,3,685,31108
76,Ярославская область,2024,4,6,1031,43888
77,Город Москва,2024,4,35,26221,1310942
78,Город Санкт-Петербург,2024,4,16,8415,334307
86,Ханты-Мансийский АО - Югра,2024,4,6,1254,74134
87,Чукотский АО,2024,4,1,12,243
89,Ямало-Ненецкий АО,2024,4,3,259,13722
91,Республика Крым,2024,4,27,2688,141355
92,Город Севастополь,2024,4,2,198,11223
93,Донецкая Народная Республика,2024,4,7,865,41261
1,Республика Адыгея,2024,3,9,950,40742
2,Республика Башкортостан,2024,3,40,10270,450300
3,Республика Бурятия,2024,3,28,4911,256536
4,Республика Алтай,2024,3,2,234,10913
5,Республика Дагестан,2024,3,13,2111,121298
6,Республика Ингушетия,2024,3,2,62,4510
7,Кабардино-Балкарская Республика,2024,3,10,1300,86337
8,Республика Калмыкия,2024,3,1,52,3406
9,Карачаево-Черкесская Республика,2024,3,5,705,52633
10,Республика Карелия,2024,3,2,229,11842
11,Республика Коми,2024,3,1,78,3376
12,Республика Марий Эл,2024,3,9,973,55491
13,Республика Мордовия,2024,3,2,191,10797
14,Республика Саха (Якутия),2024,3,17,2528,119147
15,Республика Северная Осетия,2024,3,7,838,53331
16,Республика Татарстан,2024,3,29,5803,278137
17,Республика Тыва,2024,3,2,208,8756
18,Удмуртская Республика,2024,3,15,2234,105418
19,Республика Хакасия,2024,3,4,840,47165
20,Чеченская Республика,2024,3,1,252,13405
21,Чувашская Республика,2024,3,12,1534,88472
22,Алтайский край,2024,3,10,1389,64908
23,Краснодарский край,2024,3,68,15177,739904
24,Красноярский край,2024,3,16,3404,176770
25,Приморский край,2024,3,20,5370,271597
26,Ставропольский край,2024,3,17,3514,178073
27,Хабаровский край,2024,3,17,3085,143895
28,Амурская область,2024,3,7,688,23934
29,Архангельская область,2024,3,11,1863,96597
30,Астраханская область,2024,3,6,1492,76458
31,Белгородская область,2024,3,7,645,27997
32,Брянская область,2024,3,4,1035,52029
33,Владимирская область,2024,3,18,592,37559
34,Волгоградская область,2024,3,23,2415,112481
35,Вологодская область,2024,3,7,707,36834
36,Воронежская область,2024,3,32,6057,294553
37,Ивановская область,2024,3,3,287,18726
38,Иркутская область,2024,3,13,2838,136899
39,Калининградская область,2024,3,63,6112,288821
40,Калужская область,2024,3,18,2924,162860
41,Камчатский край,2024,3,1,188,8521
42,Кемеровская область - Кузбасс,2024,3,8,1647,75819
43,Кировская область,2024,3,5,491,25037
44,Костромская область,2024,3,4,164,9518
45,Курганская область,2024,3,6,1089,55351
46,Курская область,2024,3,2,766,38989
47,Ленинградская область,2024,3,25,4680,197058
48,Липецкая область,2024,3,45,1151,60286
49,Магаданская область,2024,3,1,208,9881
50,Московская область,2024,3,24,8361,384770
51,Мурманская область,2024,3,6,648,35034
52,Нижегородская область,2024,3,25,4705,229707
53,Новгородская область,2024,3,4,362,20205
54,Новосибирская область,2024,3,60,5267,252238
55,Омская область,2024,3,4,1684,78414
56,Оренбургская область,2024,3,43,572,30463
57,Орловская область,2024,3,7,1213,73207
58,Пензенская область,2024,3,11,2189,114536
59,Пермский край,2024,3,25,7479,361998
60,Псковская область,2024,3,3,337,20445
61,Ростовская область,2024,3,83,10049,443408
62,Рязанская область,2024,3,11,3038,128514
63,Самарская область,2024,3,31,3405,184086
64,Саратовская область,2024,3,22,1011,57305
65,Сахалинская область,2024,3,10,985,47512
66,Свердловская область,2024,3,36,9761,463146
67,Смоленская область,2024,3,3,191,11072
68,Тамбовская область,2024,3,1,147,7861
69,Тверская область,2024,3,9,188,11745
70,Томская область,2024,3,3,787,43864
71,Тульская область,2024,3,5,1390,69111
72,Тюменская область,2024,3,29,8127,403768
73,Ульяновская область,2024,3,23,1873,88524
74,Челябинская область,2024,3,22,4108,218177
75,Забайкальский край,2024,3,14,2581,124159
76,Ярославская область,2024,3,20,2395,124543
77,Город Москва,2024,3,31,23749,1296608
78,Город Санкт-Петербург,2024,3,14,5576,301675
79,Еврейская АО,2024,3,4,281,15753
86,Ханты-Мансийский АО - Югра,2024,3,7,1294,75875
87,Чукотский АО,2024,3,1,40,2144
89,Ямало-Ненецкий АО,2024,3,6,490,27063
91,Республика Крым,2024,3,39,3640,170545
92,Город Севастополь,2024,3,7,558,24189
93,Донецкая Народная Республика,2024,3,3,446,22926
94,Луганская Народная Республика,2024,3,3,372,22965
1,Республика Адыгея,2024,2,6,886,43747
2,Республика Башкортостан,2024,2,34,8697,389456
3,Республика Бурятия,2024,2,26,2309,125373
4,Республика Алтай,2024,2,2,133,5757
5,Республика Дагестан,2024,2,15,2091,115259
6,Республика Ингушетия,2024,2,1,32,2330
7,Кабардино-Балкарская Республика,2024,2,5,1084,73078
8,Республика Калмыкия,2024,2,3,260,15294
9,Карачаево-Черкесская Республика,2024,2,2,303,21534
10,Республика Карелия,2024,2,6,935,48185
11,Республика Коми,2024,2,1,280,16252
12,Республика Марий Эл,2024,2,8,764,40437
13,Республика Мордовия,2024,2,5,351,22128
14,Республика Саха (Якутия),2024,2,10,1751,85261
15,Республика Северная Осетия,2024,2,2,168,11112
16,Республика Татарстан,2024,2,39,7425,364667
17,Республика Тыва,2024,2,7,346,14569
18,Удмуртская Республика,2024,2,10,1447,76714
19,Республика Хакасия,2024,2,10,1864,95841
20,Чеченская Республика,2024,2,1,486,27082
21,Чувашская Республика,2024,2,16,2008,118131
22,Алтайский край,2024,2,6,1048,47271
23,Краснодарский край,2024,2,48,11649,572844
24,Красноярский край,2024,2,19,4095,192742
25,Приморский край,2024,2,21,4289,208917
26,Ставропольский край,2024,2,28,4491,240773
27,Хабаровский край,2024,2,31,4739,233701
28,Амурская область,2024,2,8,1124,50896
29,Архангельская область,2024,2,12,1807,85176
30,Астраханская область,2024,2,23,4809,201521
31,Белгородская область,2024,2,6,779,38740
32,Брянская область,2024,2,6,1164,59808
33,Владимирская область,2024,2,18,1232,65894
34,Волгоградская область,2024,2,32,3236,157052
35,Вологодская область,2024,2,25,2861,132105
36,Воронежская область,2024,2,41,6258,303109
37,Ивановская область,2024,2,6,737,43604
38,Иркутская область,2024,2,13,1887,92432
39,Калининградская область,2024,2,31,2825,147293
40,Калужская область,2024,2,5,1257,62598
41,Камчатский край,2024,2,2,461,24673
42,Кемеровская область - Кузбасс,2024,2,16,2227,108958
43,Кировская область,2024,2,8,1082,57453
44,Костромская область,2024,2,9,841,41195
45,Курганская область,2024,2,9,861,45276
46,Курская область,2024,2,4,1030,49163
47,Ленинградская область,2024,2,25,10189,426510
48,Липецкая область,2024,2,11,1793,92293
50,Московская область,2024,2,44,16596,757239
52,Нижегородская область,2024,2,17,3023,169840
53,Новгородская область,2024,2,3,455,22873
54,Новосибирская область,2024,2,88,10482,521386
55,Омская область,2024,2,2,422,23620
56,Оренбургская область,2024,2,42,2960,157400
57,Орловская область,2024,2,5,745,37801
58,Пензенская область,2024,2,12,2464,130449
59,Пермский край,2024,2,15,3153,138637
60,Псковская область,2024,2,9,1133,63081
61,Ростовская область,2024,2,26,11241,491356
62,Рязанская область,2024,2,5,1508,74071
63,Самарская область,2024,2,53,3077,172598
64,Саратовская область,2024,2,15,1233,63215
65,Сахалинская область,2024,2,7,835,38814
66,Свердловская область,2024,2,62,15706,741590
67,Смоленская область,2024,2,5,497,30446
68,Тамбовская область,2024,2,6,570,29071
69,Тверская область,2024,2,17,1256,64421
70,Томская область,2024,2,4,344,19843
71,Тульская область,2024,2,6,1433,67275
72,Тюменская область,2024,2,54,8376,437175
73,Ульяновская область,2024,2,11,2232,100937
74,Челябинская область,2024,2,26,4526,221116
75,Забайкальский край,2024,2,6,1200,52397
76,Ярославская область,2024,2,25,2779,142679
77,Город Москва,2024,2,36,26235,1296073
78,Город Санкт-Петербург,2024,2,28,5234,230325
86,Ханты-Мансийский АО - Югра,2024,2,9,1547,76416
89,Ямало-Ненецкий АО,2024,2,18,1146,61663
91,Республика Крым,2024,2,27,4412,205816
92,Город Севастополь,2024,2,1,91,4237
93,Донецкая Народная Республика,2024,2,4,568,34405
94,Луганская Народная Республика,2024,2,3,246,14841
1,Республика Адыгея,2024,1,12,2280,100771
2,Республика Башкортостан,2024,1,25,6887,293608
3,Республика Бурятия,2024,1,3,258,13413
4,Республика Алтай,2024,1,0,,
5,Республика Дагестан,2024,1,10,1676,97291
7,Кабардино-Балкарская Республика,2024,1,7,168,11206
8,Республика Калмыкия,2024,1,0,,
9,Карачаево-Черкесская Республика,2024,1,2,469,17620
10,Республика Карелия,2024,1,4,380,19432
11,Республика Коми,2024,1,3,462,28444
12,Республика Марий Эл,2024,1,5,792,50889
13,Республика Мордовия,2024,1,3,424,23535
14,Республика Саха (Якутия),2024,1,9,1322,59958
15,Республика Северная Осетия,2024,1,13,1255,74158
16,Республика Татарстан,2024,1,24,4627,254039
17,Республика Тыва,2024,1,14,674,27203
18,Удмуртская Республика,2024,1,10,2004,94749
19,Республика Хакасия,2024,1,1,136,9641
21,Чувашская Республика,2024,1,10,1211,65683
22,Алтайский край,2024,1,8,1696,93311
23,Краснодарский край,2024,1,78,12697,614866
24,Красноярский край,2024,1,8,1387,77490
25,Приморский край,2024,1,35,6251,329807
26,Ставропольский край,2024,1,28,5682,298237
27,Хабаровский край,2024,1,12,1392,72231
28,Амурская область,2024,1,9,1357,65860
29,Архангельская область,2024,1,10,1778,81102
30,Астраханская область,2024,1,13,2685,107337
31,Белгородская область,2024,1,6,144,7545
32,Брянская область,2024,1,8,1675,84623
33,Владимирская область,2024,1,5,575,33969
34,Волгоградская область,2024,1,15,1145,58255
35,Вологодская область,2024,1,7,1057,56982
36,Воронежская область,2024,1,16,2711,143762
37,Ивановская область,2024,1,6,434,26929
38,Иркутская область,2024,1,4,848,42641
39,Калининградская область,2024,1,23,3738,192801
40,Калужская область,2024,1,7,990,56257
41,Камчатский край,2024,1,1,56,2657
42,Кемеровская область - Кузбасс,2024,1,7,999,54218
43,Кировская область,2024,1,6,818,38515
44,Костромская область,2024,1,9,511,28269
45,Курганская область,2024,1,8,1374,71242
46,Курская область,2024,1,3,279,16454
47,Ленинградская область,2024,1,11,4870,181684
48,Липецкая область,2024,1,59,289,20682
50,Московская область,2024,1,70,16023,710800
52,Нижегородская область,2024,1,18,2423,111813
53,Новгородская область,2024,1,2,207,12470
54,Новосибирская область,2024,1,143,5572,275772
55,Омская область,2024,1,1,175,10165
56,Оренбургская область,2024,1,9,1081,56416
57,Орловская область,2024,1,3,567,32292
58,Пензенская область,2024,1,9,2063,112882
59,Пермский край,2024,1,11,2589,123910
60,Псковская область,2024,1,4,345,16968
61,Ростовская область,2024,1,29,4762,237571
62,Рязанская область,2024,1,34,4612,248517
63,Самарская область,2024,1,9,1898,99288
64,Саратовская область,2024,1,2,223,11191
65,Сахалинская область,2024,1,3,903,40015
66,Свердловская область,2024,1,45,12595,643107
67,Смоленская область,2024,1,6,360,20505
68,Тамбовская область,2024,1,4,415,21768
69,Тверская область,2024,1,8,741,37762
70,Томская область,2024,1,8,874,43120
71,Тульская область,2024,1,15,3305,168144
72,Тюменская область,2024,1,36,8640,430563
73,Ульяновская область,2024,1,9,1378,60718
74,Челябинская область,2024,1,24,4570,225470
75,Забайкальский край,2024,1,3,661,30942
76,Ярославская область,2024,1,18,1533,87003
77,Город Москва,2024,1,47,28580,1581073
78,Город Санкт-Петербург,2024,1,37,11550,486591
86,Ханты-Мансийский АО - Югра,2024,1,8,1181,58366
89,Ямало-Ненецкий АО,2024,1,10,431,22150
91,Республика Крым,2024,1,28,4929,239328
92,Город Севастополь,2024,1,9,795,37093
93,Донецкая Народная Республика,2024,1,1,96,6025
1,Республика Адыгея,2023,4,5,1253,56035
2,Республика Башкортостан,2023,4,57,10093,466149
3,Республика Бурятия,2023,4,12,727,46537
4,Республика Алтай,2023,4,0,,
5,Республика Дагестан,2023,4,6,1071,57567
6,Республика Ингушетия,2023,4,0,,
7,Кабардино-Балкарская Республика,2023,4,2,373,29339
8,Республика Калмыкия,2023,4,3,101,7145
9,Карачаево-Черкесская Республика,2023,4,6,816,46294
10,Республика Карелия,2023,4,2,252,14327
11,Республика Коми,2023,4,4,546,27587
12,Республика Марий Эл,2023,4,15,1758,100764
13,Республика Мордовия,2023,4,3,601,33607
14,Республика Саха (Якутия),2023,4,12,2752,136885
15,Республика Северная Осетия,2023,4,8,651,44844
16,Республика Татарстан,2023,4,82,7376,374115
17,Республика Тыва,2023,4,13,1468,61099
18,Удмуртская Республика,2023,4,12,2106,103217
19,Республика Хакасия,2023,4,8,476,23369
20,Чеченская Республика,2023,4,1,280,21042
21,Чувашская Республика,2023,4,13,1409,77567
22,Алтайский край,2023,4,20,3968,193188
23,Краснодарский край,2023,4,65,16180,764927
24,Красноярский край,2023,4,32,8119,403839
25,Приморский край,2023,4,24,6543,293583
26,Ставропольский край,2023,4,48,7970,369976
27,Хабаровский край,2023,4,13,3141,160818
28,Амурская область,2023,4,14,2762,119133
29,Архангельская область,2023,4,13,872,45460
30,Астраханская область,2023,4,12,2476,109515
31,Белгородская область,2023,4,11,1552,83138
32,Брянская область,2023,4,11,1579,85262
33,Владимирская область,2023,4,11,1394,69840
34,Волгоградская область,2023,4,28,3272,161685
35,Вологодская область,2023,4,34,1782,96246
36,Воронежская область,2023,4,18,3702,208725
37,Ивановская область,2023,4,14,900,53216
38,Иркутская область,2023,4,12,2084,103261
39,Калининградская область,2023,4,26,2982,172297
40,Калужская область,2023,4,10,1285,72253
42,Кемеровская область - Кузбасс,2023,4,12,1161,59600
43,Кировская область,2023,4,14,2473,126528
44,Костромская область,2023,4,4,238,13922
45,Курганская область,2023,4,8,1257,58392
46,Курская область,2023,4,0,,
47,Ленинградская область,2023,4,90,16657,666036
48,Липецкая область,2023,4,12,321,19356
49,Магаданская область,2023,4,0,,
50,Московская область,2023,4,89,31450,1403538
52,Нижегородская область,2023,4,14,2612,141174
53,Новгородская область,2023,4,6,685,36855
54,Новосибирская область,2023,4,160,8805,431063
55,Омская область,2023,4,3,575,30457
56,Оренбургская область,2023,4,18,2750,127405
57,Орловская область,2023,4,8,1432,77742
58,Пензенская область,2023,4,15,3768,199336
59,Пермский край,2023,4,23,4792,237287
60,Псковская область,2023,4,6,791,41679
61,Ростовская область,2023,4,58,15107,696208
62,Рязанская область,2023,4,6,1617,82941
63,Самарская область,2023,4,10,1712,96212
64,Саратовская область,2023,4,24,3650,187080
65,Сахалинская область,2023,4,11,1331,69119
66,Свердловская область,2023,4,49,10757,508889
67,Смоленская область,2023,4,17,1871,106174
68,Тамбовская область,2023,4,9,1032,53628
69,Тверская область,2023,4,12,1226,60820
70,Томская область,2023,4,23,336,17918
71,Тульская область,2023,4,60,7144,342793
72,Тюменская область,2023,4,73,15289,777557
73,Ульяновская область,2023,4,19,1949,96894
74,Челябинская область,2023,4,37,6232,304219
75,Забайкальский край,2023,4,4,505,23647
76,Ярославская область,2023,4,20,1611,92750
77,Город Москва,2023,4,57,42847,2152976
78,Город Санкт-Петербург,2023,4,39,15617,637876
79,Еврейская АО,2023,4,0,,
86,Ханты-Мансийский АО - Югра,2023,4,14,2473,133386
87,Чукотский АО,2023,4,1,40,2143
89,Ямало-Ненецкий АО,2023,4,16,1174,62491
91,Республика Крым,2023,4,36,4339,203816
92,Город Севастополь,2023,4,3,179,7849
93,Донецкая Народная Республика,2023,4,1,108,5996
1,Республика Адыгея,2023,3,25,3212,134868
2,Республика Башкортостан,2023,3,18,4862,223503
3,Республика Бурятия,2023,3,12,971,57822
4,Республика Алтай,2023,3,1,99,3940
5,Республика Дагестан,2023,3,7,947,59022
7,Кабардино-Балкарская Республика,2023,3,1,160,11212
8,Республика Калмыкия,2023,3,3,271,15823
10,Республика Карелия,2023,3,4,495,19856
12,Республика Марий Эл,2023,3,5,469,27035
13,Республика Мордовия,2023,3,6,643,31547
14,Республика Саха (Якутия),2023,3,10,1910,87436
15,Республика Северная Осетия,2023,3,4,388,22765
16,Республика Татарстан,2023,3,48,10246,542715
17,Республика Тыва,2023,3,6,629,30425
18,Удмуртская Республика,2023,3,17,2933,144374
19,Республика Хакасия,2023,3,9,442,29635
21,Чувашская Республика,2023,3,23,3082,171086
22,Алтайский край,2023,3,13,2104,101274
23,Краснодарский край,2023,3,51,8195,369448
24,Красноярский край,2023,3,16,4530,257829
25,Приморский край,2023,3,24,5948,285556
26,Ставропольский край,2023,3,27,4757,250398
27,Хабаровский край,2023,3,22,4858,234947
28,Амурская область,2023,3,4,385,19569
29,Архангельская область,2023,3,4,898,33367
30,Астраханская область,2023,3,7,1182,51688
31,Белгородская область,2023,3,5,375,22794
32,Брянская область,2023,3,10,820,44935
33,Владимирская область,2023,3,3,501,24548
34,Волгоградская область,2023,3,35,3587,167483
35,Вологодская область,2023,3,13,1280,68074
36,Воронежская область,2023,3,28,5998,308517
37,Ивановская область,2023,3,5,543,30188
38,Иркутская область,2023,3,24,3964,199499
39,Калининградская область,2023,3,24,3089,149772
40,Калужская область,2023,3,3,346,19632
41,Камчатский край,2023,3,1,160,9472
42,Кемеровская область - Кузбасс,2023,3,6,904,42835
43,Кировская область,2023,3,7,744,37237
44,Костромская область,2023,3,7,412,23143
45,Курганская область,2023,3,8,1518,69389
46,Курская область,2023,3,2,712,37522
47,Ленинградская область,2023,3,49,9845,398615
48,Липецкая область,2023,3,22,3095,173586
49,Магаданская область,2023,3,6,1079,48474
50,Московская область,2023,3,44,15334,704769
52,Нижегородская область,2023,3,25,2979,162476
53,Новгородская область,2023,3,2,220,11753
54,Новосибирская область,2023,3,54,6197,309050
55,Омская область,2023,3,8,1395,77302
56,Оренбургская область,2023,3,7,528,31864
57,Орловская область,2023,3,7,1406,76187
58,Пензенская область,2023,3,12,1916,102284
59,Пермский край,2023,3,12,2733,137427
60,Псковская область,2023,3,6,609,30435
61,Ростовская область,2023,3,34,6798,327153
62,Рязанская область,2023,3,8,1899,96238
63,Самарская область,2023,3,29,1931,106079
64,Саратовская область,2023,3,15,771,44803
65,Сахалинская область,2023,3,21,2144,101354
66,Свердловская область,2023,3,47,12402,535084
67,Смоленская область,2023,3,6,451,24371
68,Тамбовская область,2023,3,6,800,40252
69,Тверская область,2023,3,13,561,33574
70,Томская область,2023,3,3,423,23563
71,Тульская область,2023,3,9,2230,98656
72,Тюменская область,2023,3,34,7273,353334
73,Ульяновская область,2023,3,10,1117,63312
74,Челябинская область,2023,3,18,3459,166042
75,Забайкальский край,2023,3,6,449,22752
76,Ярославская область,2023,3,24,2096,114809
77,Город Москва,2023,3,52,29110,1477152
78,Город Санкт-Петербург,2023,3,42,17886,708092
86,Ханты-Мансийский АО - Югра,2023,3,15,1145,49214
89,Ямало-Ненецкий АО,2023,3,4,294,13334
91,Республика Крым,2023,3,19,2233,112495
92,Город Севастополь,2023,3,0,,
93,Донецкая Народная Республика,2023,3,2,173,8147
1,Республика Адыгея,2023,2,0,,
2,Республика Башкортостан,2023,2,54,9174,427733
3,Республика Бурятия,2023,2,8,1008,61125
4,Республика Алтай,2023,2,6,627,28442
5,Республика Дагестан,2023,2,3,250,14980
6,Республика Ингушетия,2023,2,1,170,14558
7,Кабардино-Балкарская Республика,2023,2,56,1580,102568
8,Республика Калмыкия,2023,2,1,96,5022
10,Республика Карелия,2023,2,6,718,36150
11,Республика Коми,2023,2,4,602,30254
12,Республика Марий Эл,2023,2,9,919,47717
13,Республика Мордовия,2023,2,6,1033,56458
14,Республика Саха (Якутия),2023,2,9,1131,58767
15,Республика Северная Осетия,2023,2,3,327,20478
16,Республика Татарстан,2023,2,29,5404,259210
17,Республика Тыва,2023,2,11,654,26465
18,Удмуртская Республика,2023,2,10,2035,100846
19,Республика Хакасия,2023,2,12,957,50199
21,Чувашская Республика,2023,2,13,2187,124277
22,Алтайский край,2023,2,3,456,19051
23,Краснодарский край,2023,2,17,4984,235303
24,Красноярский край,2023,2,12,2474,131284
25,Приморский край,2023,2,44,7159,334382
26,Ставропольский край,2023,2,10,1312,75771
27,Хабаровский край,2023,2,21,3136,154346
28,Амурская область,2023,2,8,1234,53815
29,Архангельская область,2023,2,13,1817,77844
30,Астраханская область,2023,2,2,558,27532
31,Белгородская область,2023,2,6,711,34773
32,Брянская область,2023,2,7,727,44559
33,Владимирская область,2023,2,10,1330,68962
34,Волгоградская область,2023,2,27,2126,106230
35,Вологодская область,2023,2,14,1442,75355
36,Воронежская область,2023,2,20,5092,236408
37,Ивановская область,2023,2,10,768,48145
38,Иркутская область,2023,2,4,245,11159
39,Калининградская область,2023,2,18,2041,101289
40,Калужская область,2023,2,5,589,32626
41,Камчатский край,2023,2,10,1643,107265
42,Кемеровская область - Кузбасс,2023,2,7,1004,53210
43,Кировская область,2023,2,4,374,17274
44,Костромская область,2023,2,8,610,34387
45,Курганская область,2023,2,9,1139,57916
46,Курская область,2023,2,2,320,14902
47,Ленинградская область,2023,2,31,9766,399597
48,Липецкая область,2023,2,8,1584,87276
50,Московская область,2023,2,62,22621,970270
52,Нижегородская область,2023,2,25,3257,155996
53,Новгородская область,2023,2,6,546,28164
54,Новосибирская область,2023,2,51,8075,411668
55,Омская область,2023,2,9,1194,81500
56,Оренбургская область,2023,2,14,1636,77750
57,Орловская область,2023,2,3,686,36264
58,Пензенская область,2023,2,10,2701,147324
59,Пермский край,2023,2,15,4218,196372
60,Псковская область,2023,2,4,309,14673
61,Ростовская область,2023,2,50,11417,553527
62,Рязанская область,2023,2,12,3277,124102
63,Самарская область,2023,2,24,6006,300751
64,Саратовская область,2023,2,10,1026,45877
65,Сахалинская область,2023,2,5,532,23231
66,Свердловская область,2023,2,45,11008,505675
67,Смоленская область,2023,2,12,1241,72079
68,Тамбовская область,2023,2,9,1318,67240
69,Тверская область,2023,2,14,1102,60694
70,Томская область,2023,2,13,1130,61799
71,Тульская область,2023,2,9,1510,72774
72,Тюменская область,2023,2,38,6906,356173
73,Ульяновская область,2023,2,15,1452,78946
74,Челябинская область,2023,2,16,2210,106656
75,Забайкальский край,2023,2,5,689,32627
76,Ярославская область,2023,2,13,1229,64753
77,Город Москва,2023,2,42,22249,1188087
78,Город Санкт-Петербург,2023,2,39,11116,474739
86,Ханты-Мансийский АО - Югра,2023,2,9,1235,62193
89,Ямало-Ненецкий АО,2023,2,4,200,10652
91,Республика Крым,2023,2,13,931,47818
92,Город Севастополь,2023,2,8,510,28931
1,Республика Адыгея,2023,1,2,516,21592
2,Республика Башкортостан,2023,1,19,3903,188859
3,Республика Бурятия,2023,1,4,684,39441
4,Республика Алтай,2023,1,0,,
5,Республика Дагестан,2023,1,2,371,17235
7,Кабардино-Балкарская Республика,2023,1,0,,
8,Республика Калмыкия,2023,1,0,,
9,Карачаево-Черкесская Республика,2023,1,1,104,6534
10,Республика Карелия,2023,1,3,299,14492
11,Республика Коми,2023,1,2,613,25387
12,Республика Марий Эл,2023,1,9,1029,56460
13,Республика Мордовия,2023,1,2,225,13047
14,Республика Саха (Якутия),2023,1,9,901,39903
15,Республика Северная Осетия,2023,1,2,210,13457
16,Республика Татарстан,2023,1,25,3895,196932
17,Республика Тыва,2023,1,4,250,11587
18,Удмуртская Республика,2023,1,18,4242,209819
19,Республика Хакасия,2023,1,4,296,16755
21,Чувашская Республика,2023,1,17,1916,113038
22,Алтайский край,2023,1,14,2448,115921
23,Краснодарский край,2023,1,72,16313,673760
24,Красноярский край,2023,1,10,2997,140005
25,Приморский край,2023,1,13,2758,144302
26,Ставропольский край,2023,1,20,3176,164919
27,Хабаровский край,2023,1,18,3481,173777
28,Амурская область,2023,1,6,659,28310
29,Архангельская область,2023,1,13,1855,77379
30,Астраханская область,2023,1,11,2514,108497
31,Белгородская область,2023,1,5,441,23731
32,Брянская область,2023,1,1,104,6915
33,Владимирская область,2023,1,7,931,49865
34,Волгоградская область,2023,1,18,2176,109363
35,Вологодская область,2023,1,12,1073,54860
36,Воронежская область,2023,1,16,4610,218177
37,Ивановская область,2023,1,5,359,23825
38,Иркутская область,2023,1,12,1991,106555
39,Калининградская область,2023,1,6,350,18223
40,Калужская область,2023,1,6,764,45224
41,Камчатский край,2023,1,1,103,5266
42,Кемеровская область - Кузбасс,2023,1,14,2200,107641
43,Кировская область,2023,1,12,1442,77610
44,Костромская область,2023,1,5,351,18790
45,Курганская область,2023,1,5,675,31303
46,Курская область,2023,1,2,200,9183
47,Ленинградская область,2023,1,17,4435,187669
48,Липецкая область,2023,1,28,710,48004
50,Московская область,2023,1,56,18758,835964
51,Мурманская область,2023,1,1,140,7945
52,Нижегородская область,2023,1,18,2849,140015
53,Новгородская область,2023,1,1,176,8714
54,Новосибирская область,2023,1,65,7429,377620
55,Омская область,2023,1,0,,
56,Оренбургская область,2023,1,5,716,34784
57,Орловская область,2023,1,2,396,24084
58,Пензенская область,2023,1,12,1782,93400
59,Пермский край,2023,1,12,2014,91958
60,Псковская область,2023,1,5,549,28697
61,Ростовская область,2023,1,19,5448,266194
62,Рязанская область,2023,1,4,1213,57447
63,Самарская область,2023,1,27,5407,308407
64,Саратовская область,2023,1,1,219,12927
65,Сахалинская область,2023,1,2,312,14927
66,Свердловская область,2023,1,42,9252,454022
67,Смоленская область,2023,1,9,978,51012
68,Тамбовская область,2023,1,6,774,34961
69,Тверская область,2023,1,6,459,26156
70,Томская область,2023,1,17,204,10418
71,Тульская область,2023,1,16,4252,206963
72,Тюменская область,2023,1,35,7760,396812
73,Ульяновская область,2023,1,6,1137,48891
74,Челябинская область,2023,1,27,5914,276328
75,Забайкальский край,2023,1,2,338,15778
76,Ярославская область,2023,1,13,1130,60079
77,Город Москва,2023,1,51,19084,960509
78,Город Санкт-Петербург,2023,1,29,8919,374507
86,Ханты-Мансийский АО - Югра,2023,1,10,807,39125
89,Ямало-Ненецкий АО,2023,1,3,370,19842
91,Республика Крым,2023,1,9,2390,112678
1,Республика Адыгея,2022,4,4,604,26085
2,Республика Башкортостан,2022,4,50,8610,407699
3,Республика Бурятия,2022,4,5,592,36654
4,Республика Алтай,2022,4,2,209,8230
6,Республика Ингушетия,2022,4,1,32,2378
7,Кабардино-Балкарская Республика,2022,4,4,773,51118
8,Республика Калмыкия,2022,4,1,80,4829
9,Карачаево-Черкесская Республика,2022,4,3,511,35293
10,Республика Карелия,2022,4,3,340,20098
11,Республика Коми,2022,4,3,782,28058
12,Республика Марий Эл,2022,4,10,756,47475
13,Республика Мордовия,2022,4,1,84,4959
14,Республика Саха (Якутия),2022,4,7,847,47168
15,Республика Северная Осетия,2022,4,8,986,66805
16,Республика Татарстан,2022,4,34,5991,305663
17,Республика Тыва,2022,4,4,380,16028
18,Удмуртская Республика,2022,4,29,5080,244105
19,Республика Хакасия,2022,4,8,844,48010
20,Чеченская Республика,2022,4,0,,
21,Чувашская Республика,2022,4,14,1345,84200
22,Алтайский край,2022,4,11,1795,89713
23,Краснодарский край,2022,4,133,34232,1559693
24,Красноярский край,2022,4,20,5792,292624
25,Приморский край,2022,4,43,3646,188765
26,Ставропольский край,2022,4,22,3020,169587
27,Хабаровский край,2022,4,5,789,47646
28,Амурская область,2022,4,5,1000,45962
29,Архангельская область,2022,4,10,1169,53774
30,Астраханская область,2022,4,5,1319,71086
31,Белгородская область,2022,4,22,1593,78074
32,Брянская область,2022,4,5,691,32798
33,Владимирская область,2022,4,19,991,55630
34,Волгоградская область,2022,4,20,2442,112382
35,Вологодская область,2022,4,6,491,26709
36,Воронежская область,2022,4,24,4399,233154
37,Ивановская область,2022,4,3,293,18313
38,Иркутская область,2022,4,32,2518,122090
39,Калининградская область,2022,4,15,1349,70417
40,Калужская область,2022,4,5,1125,64231
42,Кемеровская область - Кузбасс,2022,4,7,1045,54110
43,Кировская область,2022,4,16,1632,80136
44,Костромская область,2022,4,10,718,36833
45,Курганская область,2022,4,7,1063,54551
46,Курская область,2022,4,2,141,9515
47,Ленинградская область,2022,4,45,11541,469366
48,Липецкая область,2022,4,4,853,47155
50,Московская область,2022,4,44,13950,600597
52,Нижегородская область,2022,4,11,1856,99048
53,Новгородская область,2022,4,4,574,31926
54,Новосибирская область,2022,4,42,10346,481851
55,Омская область,2022,4,8,1489,75165
56,Оренбургская область,2022,4,20,2466,122350
57,Орловская область,2022,4,4,843,46721
58,Пензенская область,2022,4,19,4263,238934
59,Пермский край,2022,4,29,7003,332557
60,Псковская область,2022,4,8,790,39984
61,Ростовская область,2022,4,21,1590,74921
62,Рязанская область,2022,4,8,2857,135609
63,Самарская область,2022,4,31,6672,394281
64,Саратовская область,2022,4,16,2824,164228
65,Сахалинская область,2022,4,0,,
66,Свердловская область,2022,4,26,10231,421145
67,Смоленская область,2022,4,6,531,30783
68,Тамбовская область,2022,4,7,709,38491
69,Тверская область,2022,4,8,702,31930
70,Томская область,2022,4,25,1159,69238
71,Тульская область,2022,4,32,3327,169241
72,Тюменская область,2022,4,51,9734,475363
73,Ульяновская область,2022,4,13,1164,55650
74,Челябинская область,2022,4,13,2315,119894
75,Забайкальский край,2022,4,6,1110,53230
76,Ярославская область,2022,4,13,1059,53851
77,Город Москва,2022,4,55,25698,1329935
78,Город Санкт-Петербург,2022,4,14,6016,251185
86,Ханты-Мансийский АО - Югра,2022,4,7,1607,83649
89,Ямало-Ненецкий АО,2022,4,12,828,42480
91,Республика Крым,2022,4,14,1802,93234
92,Город Севастополь,2022,4,0,,
1,Республика Адыгея,2022,3,8,1377,59971
2,Республика Башкортостан,2022,3,42,5605,268961
3,Республика Бурятия,2022,3,8,789,41243
4,Республика Алтай,2022,3,1,48,2955
5,Республика Дагестан,2022,3,2,1132,76436
6,Республика Ингушетия,2022,3,0,,
7,Кабардино-Балкарская Республика,2022,3,2,241,27082
10,Республика Карелия,2022,3,4,189,9946
11,Республика Коми,2022,3,1,182,9458
12,Республика Марий Эл,2022,3,8,820,42458
13,Республика Мордовия,2022,3,3,212,11603
14,Республика Саха (Якутия),2022,3,15,1716,76806
15,Республика Северная Осетия,2022,3,4,409,27251
16,Республика Татарстан,2022,3,49,9013,430696
17,Республика Тыва,2022,3,2,96,3861
18,Удмуртская Республика,2022,3,17,2717,130521
19,Республика Хакасия,2022,3,11,1137,56501
20,Чеченская Республика,2022,3,3,672,60660
21,Чувашская Республика,2022,3,8,992,55932
22,Алтайский край,2022,3,10,2087,101547
23,Краснодарский край,2022,3,64,14415,694124
24,Красноярский край,2022,3,10,2112,115417
25,Приморский край,2022,3,61,6621,325651
26,Ставропольский край,2022,3,18,3307,183112
27,Хабаровский край,2022,3,8,1070,56019
28,Амурская область,2022,3,4,564,25249
29,Архангельская область,2022,3,6,856,39355
30,Астраханская область,2022,3,5,1295,63311
31,Белгородская область,2022,3,10,796,43491
32,Брянская область,2022,3,11,1088,58494
33,Владимирская область,2022,3,9,1800,88681
34,Волгоградская область,2022,3,16,1287,76454
35,Вологодская область,2022,3,23,1844,115197
36,Воронежская область,2022,3,19,4653,189920
37,Ивановская область,2022,3,10,1122,66538
38,Иркутская область,2022,3,18,1544,85410
39,Калининградская область,2022,3,13,1239,63179
40,Калужская область,2022,3,8,952,51459
42,Кемеровская область - Кузбасс,2022,3,6,701,33963
43,Кировская область,2022,3,7,1193,54948
44,Костромская область,2022,3,6,558,30445
45,Курганская область,2022,3,6,734,35646
46,Курская область,2022,3,6,1691,85075
47,Ленинградская область,2022,3,38,12991,532675
48,Липецкая область,2022,3,5,1197,62303
50,Московская область,2022,3,65,23665,1066126
52,Нижегородская область,2022,3,10,2003,102150
53,Новгородская область,2022,3,4,461,23810
54,Новосибирская область,2022,3,60,9543,498460
55,Омская область,2022,3,7,1718,92779
56,Оренбургская область,2022,3,4,1536,69393
57,Орловская область,2022,3,2,328,25203
58,Пензенская область,2022,3,8,1768,100015
59,Пермский край,2022,3,18,3357,174071
60,Псковская область,2022,3,2,428,20869
61,Ростовская область,2022,3,54,8762,414762
62,Рязанская область,2022,3,4,1035,54932
63,Самарская область,2022,3,28,900,53677
64,Саратовская область,2022,3,12,2649,137001
65,Сахалинская область,2022,3,9,1248,62137
66,Свердловская область,2022,3,49,13116,637539
67,Смоленская область,2022,3,7,680,34546
68,Тамбовская область,2022,3,6,731,38127
69,Тверская область,2022,3,10,544,31723
70,Томская область,2022,3,4,396,23940
71,Тульская область,2022,3,12,1760,86987
72,Тюменская область,2022,3,40,8148,417867
73,Ульяновская область,2022,3,6,1109,53434
74,Челябинская область,2022,3,23,3108,161884
75,Забайкальский край,2022,3,10,947,45208
76,Ярославская область,2022,3,14,1178,61098
77,Город Москва,2022,3,48,23680,1127940
78,Город Санкт-Петербург,2022,3,21,13181,541386
79,Еврейская АО,2022,3,1,50,2146
86,Ханты-Мансийский АО - Югра,2022,3,9,1077,57246
89,Ямало-Ненецкий АО,2022,3,3,337,16584
91,Республика Крым,2022,3,15,1806,97221
92,Город Севастополь,2022,3,3,547,25883
1,Республика Адыгея,2022,2,0,,
2,Республика Башкортостан,2022,2,20,3353,174166
3,Республика Бурятия,2022,2,4,349,23078
5,Республика Дагестан,2022,2,0,,
7,Кабардино-Балкарская Республика,2022,2,1,595,34437
8,Республика Калмыкия,2022,2,4,287,17593
9,Карачаево-Черкесская Республика,2022,2,1,210,13563
10,Республика Карелия,2022,2,4,712,32489
11,Республика Коми,2022,2,1,180,9461
12,Республика Марий Эл,2022,2,8,747,45989
13,Республика Мордовия,2022,2,6,600,32039
14,Республика Саха (Якутия),2022,2,4,587,28225
15,Республика Северная Осетия,2022,2,5,570,35747
16,Республика Татарстан,2022,2,41,6716,330463
17,Республика Тыва,2022,2,11,494,20780
18,Удмуртская Республика,2022,2,8,1412,74564
19,Республика Хакасия,2022,2,9,1157,56393
21,Чувашская Республика,2022,2,11,1293,76073
22,Алтайский край,2022,2,7,1612,90732
23,Краснодарский край,2022,2,67,16393,778226
24,Красноярский край,2022,2,11,2060,118205
25,Приморский край,2022,2,14,1685,91723
26,Ставропольский край,2022,2,34,4023,213206
27,Хабаровский край,2022,2,4,936,54477
28,Амурская область,2022,2,9,870,45893
29,Архангельская область,2022,2,11,1070,49902
30,Астраханская область,2022,2,3,856,36839
31,Белгородская область,2022,2,12,764,40339
32,Брянская область,2022,2,6,902,45952
33,Владимирская область,2022,2,7,592,33779
34,Волгоградская область,2022,2,14,2468,114221
35,Вологодская область,2022,2,10,704,40210
36,Воронежская область,2022,2,16,2925,161618
37,Ивановская область,2022,2,5,570,34998
38,Иркутская область,2022,2,24,1976,97682
39,Калининградская область,2022,2,19,2091,114382
40,Калужская область,2022,2,3,456,25907
42,Кемеровская область - Кузбасс,2022,2,6,1122,55663
43,Кировская область,2022,2,6,557,28571
44,Костромская область,2022,2,5,428,25540
45,Курганская область,2022,2,3,379,19631
46,Курская область,2022,2,2,256,15377
47,Ленинградская область,2022,2,9,4364,176474
48,Липецкая область,2022,2,25,489,37680
50,Московская область,2022,2,44,15011,701105
52,Нижегородская область,2022,2,13,2110,116459
53,Новгородская область,2022,2,1,24,1204
54,Новосибирская область,2022,2,132,9680,467614
55,Омская область,2022,2,6,974,50993
56,Оренбургская область,2022,2,3,304,15557
57,Орловская область,2022,2,4,775,42218
58,Пензенская область,2022,2,7,934,49976
59,Пермский край,2022,2,12,2275,122391
60,Псковская область,2022,2,2,196,9863
61,Ростовская область,2022,2,20,4483,237961
62,Рязанская область,2022,2,5,1531,82492
63,Самарская область,2022,2,10,1792,111144
64,Саратовская область,2022,2,5,1048,57328
65,Сахалинская область,2022,2,3,392,20267
66,Свердловская область,2022,2,26,5352,262663
67,Смоленская область,2022,2,3,210,11599
68,Тамбовская область,2022,2,4,328,16555
69,Тверская область,2022,2,10,1259,70151
70,Томская область,2022,2,1,174,7994
71,Тульская область,2022,2,23,2859,124615
72,Тюменская область,2022,2,18,3206,152886
73,Ульяновская область,2022,2,7,911,54647
74,Челябинская область,2022,2,14,1766,103118
75,Забайкальский край,2022,2,1,86,3883
76,Ярославская область,2022,2,5,718,40266
77,Город Москва,2022,2,59,38087,1878363
78,Город Санкт-Петербург,2022,2,32,12739,573309
86,Ханты-Мансийский АО - Югра,2022,2,4,589,29872
89,Ямало-Ненецкий АО,2022,2,7,270,13188
91,Республика Крым,2022,2,9,925,47635
92,Город Севастополь,2022,2,3,238,10342
2,Республика Башкортостан,2022,1,9,1573,70483
3,Республика Бурятия,2022,1,1,182,11763
4,Республика Алтай,2022,1,1,178,8683
6,Республика Ингушетия,2022,1,1,16,1155
7,Кабардино-Балкарская Республика,2022,1,2,544,42201
8,Республика Калмыкия,2022,1,1,18,1117
10,Республика Карелия,2022,1,2,218,10325
11,Республика Коми,2022,1,0,,
12,Республика Марий Эл,2022,1,14,1040,70712
13,Республика Мордовия,2022,1,3,301,15439
14,Республика Саха (Якутия),2022,1,5,672,29257
15,Республика Северная Осетия,2022,1,3,296,18949
16,Республика Татарстан,2022,1,35,3918,217961
17,Республика Тыва,2022,1,2,180,8545
18,Удмуртская Республика,2022,1,7,1871,88445
19,Республика Хакасия,2022,1,5,751,40039
21,Чувашская Республика,2022,1,12,2020,107507
22,Алтайский край,2022,1,15,2273,107397
23,Краснодарский край,2022,1,74,22906,1021512
24,Красноярский край,2022,1,13,2611,147756
25,Приморский край,2022,1,18,3654,204292
26,Ставропольский край,2022,1,11,1430,74771
27,Хабаровский край,2022,1,9,1282,78762
28,Амурская область,2022,1,5,382,19103
29,Архангельская область,2022,1,5,588,23860
30,Астраханская область,2022,1,0,,
31,Белгородская область,2022,1,2,166,8355
32,Брянская область,2022,1,9,1043,58701
33,Владимирская область,2022,1,5,527,30526
34,Волгоградская область,2022,1,9,1585,78003
35,Вологодская область,2022,1,12,1069,56937
36,Воронежская область,2022,1,17,2614,146362
37,Ивановская область,2022,1,3,305,21823
38,Иркутская область,2022,1,18,2166,103558
39,Калининградская область,2022,1,24,2713,137195
40,Калужская область,2022,1,22,1945,98472
42,Кемеровская область - Кузбасс,2022,1,14,2415,130019
43,Кировская область,2022,1,3,578,28199
44,Костромская область,2022,1,5,363,19695
45,Курганская область,2022,1,2,319,14471
46,Курская область,2022,1,2,484,24237
47,Ленинградская область,2022,1,8,4188,179976
48,Липецкая область,2022,1,19,456,31993
50,Московская область,2022,1,53,15391,702253
52,Нижегородская область,2022,1,8,1510,83984
53,Новгородская область,2022,1,2,152,8195
54,Новосибирская область,2022,1,86,5434,277558
55,Омская область,2022,1,5,712,31818
56,Оренбургская область,2022,1,11,2343,116293
57,Орловская область,2022,1,2,105,5213
58,Пензенская область,2022,1,2,423,22210
59,Пермский край,2022,1,10,2076,113911
60,Псковская область,2022,1,3,333,17736
61,Ростовская область,2022,1,27,7395,365294
62,Рязанская область,2022,1,5,1418,67845
63,Самарская область,2022,1,10,1694,84560
64,Саратовская область,2022,1,7,1019,53945
65,Сахалинская область,2022,1,5,224,10387
66,Свердловская область,2022,1,25,7068,348401
67,Смоленская область,2022,1,6,419,26037
68,Тамбовская область,2022,1,3,234,11938
69,Тверская область,2022,1,8,503,25667
70,Томская область,2022,1,5,380,20354
71,Тульская область,2022,1,12,1373,63320
72,Тюменская область,2022,1,24,3766,209085
73,Ульяновская область,2022,1,6,500,27068
74,Челябинская область,2022,1,16,3069,157957
75,Забайкальский край,2022,1,3,239,11268
76,Ярославская область,2022,1,13,1093,59451
77,Город Москва,2022,1,52,27220,1384352
78,Город Санкт-Петербург,2022,1,13,3827,195273
86,Ханты-Мансийский АО - Югра,2022,1,1,204,9255
89,Ямало-Ненецкий АО,2022,1,0,,
91,Республика Крым,2022,1,4,335,16312
92,Город Севастополь,2022,1,3,402,17526
1,Республика Адыгея,2021,4,0,,
2,Республика Башкортостан,2021,4,16,3929,201600
3,Республика Бурятия,2021,4,12,1172,55624
4,Республика Алтай,2021,4,1,45,1712
6,Республика Ингушетия,2021,4,0,,
7,Кабардино-Балкарская Республика,2021,4,1,88,5895
8,Республика Калмыкия,2021,4,2,221,15156
10,Республика Карелия,2021,4,2,260,11082
11,Республика Коми,2021,4,2,477,22777
12,Республика Марий Эл,2021,4,6,495,26872
13,Республика Мордовия,2021,4,2,248,15421
14,Республика Саха (Якутия),2021,4,7,831,38448
15,Республика Северная Осетия,2021,4,1,126,7197
16,Республика Татарстан,2021,4,49,8100,422306
17,Республика Тыва,2021,4,1,68,3218
18,Удмуртская Республика,2021,4,11,2260,117432
19,Республика Хакасия,2021,4,3,210,11542
20,Чеченская Республика,2021,4,1,86,7714
21,Чувашская Республика,2021,4,10,1289,85575
22,Алтайский край,2021,4,3,656,35985
23,Краснодарский край,2021,4,127,6101,308109
24,Красноярский край,2021,4,10,2650,135579
25,Приморский край,2021,4,53,7180,355416
26,Ставропольский край,2021,4,15,3499,200510
27,Хабаровский край,2021,4,2,347,16349
28,Амурская область,2021,4,5,550,27091
29,Архангельская область,2021,4,9,1741,70091
30,Астраханская область,2021,4,6,577,29177
31,Белгородская область,2021,4,7,1337,72722
32,Брянская область,2021,4,9,858,49082
33,Владимирская область,2021,4,4,598,32621
34,Волгоградская область,2021,4,43,3849,185634
35,Вологодская область,2021,4,8,1533,57736
36,Воронежская область,2021,4,35,6412,314068
37,Ивановская область,2021,4,3,196,12192
38,Иркутская область,2021,4,5,707,34656
39,Калининградская область,2021,4,28,3468,173621
40,Калужская область,2021,4,11,730,35877
42,Кемеровская область - Кузбасс,2021,4,10,1316,66435
43,Кировская область,2021,4,10,1256,65873
44,Костромская область,2021,4,5,389,22214
45,Курганская область,2021,4,3,502,27887
46,Курская область,2021,4,22,1710,100558
47,Ленинградская область,2021,4,18,6107,246742
48,Липецкая область,2021,4,3,432,27873
50,Московская область,2021,4,76,21755,987712
52,Нижегородская область,2021,4,19,3481,179931
53,Новгородская область,2021,4,5,670,32159
54,Новосибирская область,2021,4,126,6224,317675
55,Омская область,2021,4,3,334,22881
56,Оренбургская область,2021,4,20,2427,120897
57,Орловская область,2021,4,6,1068,64074
58,Пензенская область,2021,4,12,3830,193108
59,Пермский край,2021,4,15,4566,192043
60,Псковская область,2021,4,4,398,19616
61,Ростовская область,2021,4,24,4179,196072
62,Рязанская область,2021,4,5,1320,67870
63,Самарская область,2021,4,17,5282,271637
64,Саратовская область,2021,4,20,1194,60361
65,Сахалинская область,2021,4,19,1894,94593
66,Свердловская область,2021,4,51,13255,626754
67,Смоленская область,2021,4,14,1157,60807
68,Тамбовская область,2021,4,6,723,40265
69,Тверская область,2021,4,11,627,30511
70,Томская область,2021,4,5,1111,59328
71,Тульская область,2021,4,16,3043,152730
72,Тюменская область,2021,4,53,8758,456060
73,Ульяновская область,2021,4,16,2566,127315
74,Челябинская область,2021,4,20,2274,126355
75,Забайкальский край,2021,4,1,208,10881
76,Ярославская область,2021,4,17,1601,85985
77,Город Москва,2021,4,69,35238,1846468
78,Город Санкт-Петербург,2021,4,28,14958,569776
86,Ханты-Мансийский АО - Югра,2021,4,9,2022,111909
89,Ямало-Ненецкий АО,2021,4,0,,
91,Республика Крым,2021,4,11,464,24067
92,Город Севастополь,2021,4,0,,
1,Республика Адыгея,2021,3,3,444,27126
2,Республика Башкортостан,2021,3,32,6621,280207
3,Республика Бурятия,2021,3,12,662,43171
6,Республика Ингушетия,2021,3,1,16,1178
7,Кабардино-Балкарская Республика,2021,3,2,78,5022
8,Республика Калмыкия,2021,3,2,120,7949
10,Республика Карелия,2021,3,9,1266,68227
11,Республика Коми,2021,3,2,119,5510
12,Республика Марий Эл,2021,3,15,1107,62489
13,Республика Мордовия,2021,3,10,1318,65659
14,Республика Саха (Якутия),2021,3,6,583,30414
15,Республика Северная Осетия,2021,3,20,2040,123373
16,Республика Татарстан,2021,3,31,5592,285216
18,Удмуртская Республика,2021,3,32,6122,295316
19,Республика Хакасия,2021,3,2,220,12616
20,Чеченская Республика,2021,3,1,144,9399
21,Чувашская Республика,2021,3,11,1500,83706
22,Алтайский край,2021,3,6,748,42659
23,Краснодарский край,2021,3,97,29617,1336683
24,Красноярский край,2021,3,12,3415,171737
25,Приморский край,2021,3,28,4614,236790
26,Ставропольский край,2021,3,25,3644,184304
27,Хабаровский край,2021,3,8,1407,86594
28,Амурская область,2021,3,3,138,7043
29,Архангельская область,2021,3,6,656,26983
30,Астраханская область,2021,3,1,64,3807
31,Белгородская область,2021,3,18,1057,46398
32,Брянская область,2021,3,8,1510,81491
33,Владимирская область,2021,3,14,1588,88860
34,Волгоградская область,2021,3,16,2466,131760
35,Вологодская область,2021,3,12,984,64847
36,Воронежская область,2021,3,25,5558,276593
37,Ивановская область,2021,3,6,658,37117
38,Иркутская область,2021,3,14,1907,93457
39,Калининградская область,2021,3,29,3204,175881
40,Калужская область,2021,3,19,1506,79568
42,Кемеровская область - Кузбасс,2021,3,5,559,26767
43,Кировская область,2021,3,0,,
44,Костромская область,2021,3,7,488,27390
45,Курганская область,2021,3,10,785,44704
46,Курская область,2021,3,4,876,42457
47,Ленинградская область,2021,3,31,9384,402891
48,Липецкая область,2021,3,6,1254,79197
50,Московская область,2021,3,59,16869,723534
52,Нижегородская область,2021,3,21,3050,163236
53,Новгородская область,2021,3,4,404,23827
54,Новосибирская область,2021,3,38,6404,315820
55,Омская область,2021,3,6,672,26101
56,Оренбургская область,2021,3,17,2875,145710
57,Орловская область,2021,3,2,362,17297
58,Пензенская область,2021,3,8,1547,88157
59,Пермский край,2021,3,20,4193,204977
60,Псковская область,2021,3,4,532,29318
61,Ростовская область,2021,3,32,6847,336509
62,Рязанская область,2021,3,8,2153,97390
63,Самарская область,2021,3,26,5145,264667
64,Саратовская область,2021,3,12,997,59123
65,Сахалинская область,2021,3,12,1049,54348
66,Свердловская область,2021,3,47,9793,512043
67,Смоленская область,2021,3,18,1503,76553
68,Тамбовская область,2021,3,7,934,52313
69,Тверская область,2021,3,7,1136,56379
70,Томская область,2021,3,3,667,41601
71,Тульская область,2021,3,16,1762,103305
72,Тюменская область,2021,3,48,12142,664976
73,Ульяновская область,2021,3,14,1721,87088
74,Челябинская область,2021,3,23,2326,132753
75,Забайкальский край,2021,3,1,83,5116
76,Ярославская область,2021,3,5,572,27589
77,Город Москва,2021,3,37,18289,984841
78,Город Санкт-Петербург,2021,3,65,19784,823780
86,Ханты-Мансийский АО - Югра,2021,3,20,2497,139145
89,Ямало-Ненецкий АО,2021,3,0,,
91,Республика Крым,2021,3,6,1185,51904
92,Город Севастополь,2021,3,3,238,10342
1,Республика Адыгея,2021,2,0,,
2,Республика Башкортостан,2021,2,23,4321,222473
3,Республика Бурятия,2021,2,4,555,27162
7,Кабардино-Балкарская Республика,2021,2,0,,
8,Республика Калмыкия,2021,2,3,182,10191
10,Республика Карелия,2021,2,5,653,35228
11,Республика Коми,2021,2,6,704,35166
12,Республика Марий Эл,2021,2,5,342,20988
13,Республика Мордовия,2021,2,3,236,11919
14,Республика Саха (Якутия),2021,2,9,1238,61243
15,Республика Северная Осетия,2021,2,8,814,56613
16,Республика Татарстан,2021,2,146,5844,303083
18,Удмуртская Республика,2021,2,13,2635,136962
19,Республика Хакасия,2021,2,4,474,24716
20,Чеченская Республика,2021,2,0,,
21,Чувашская Республика,2021,2,10,1363,80937
22,Алтайский край,2021,2,16,2564,128451
23,Краснодарский край,2021,2,75,16002,680520
24,Красноярский край,2021,2,12,2177,128816
25,Приморский край,2021,2,23,3199,167368
26,Ставропольский край,2021,2,20,3299,162130
27,Хабаровский край,2021,2,13,2225,117277
28,Амурская область,2021,2,7,844,43568
29,Архангельская область,2021,2,8,740,36499
30,Астраханская область,2021,2,4,631,31565
31,Белгородская область,2021,2,11,941,47596
32,Брянская область,2021,2,11,1020,59265
33,Владимирская область,2021,2,19,1137,70093
34,Волгоградская область,2021,2,32,3356,156206
35,Вологодская область,2021,2,12,1386,77753
36,Воронежская область,2021,2,32,7201,395702
37,Ивановская область,2021,2,16,1283,64165
38,Иркутская область,2021,2,57,4014,205848
39,Калининградская область,2021,2,42,5268,285758
40,Калужская область,2021,2,8,1349,71606
42,Кемеровская область - Кузбасс,2021,2,6,1019,43521
43,Кировская область,2021,2,8,1150,58798
44,Костромская область,2021,2,7,480,26207
45,Курганская область,2021,2,11,413,26589
46,Курская область,2021,2,1,100,4537
47,Ленинградская область,2021,2,37,11884,480502
48,Липецкая область,2021,2,28,1244,75849
49,Магаданская область,2021,2,1,58,3187
50,Московская область,2021,2,150,25301,1188461
52,Нижегородская область,2021,2,33,5004,240732
53,Новгородская область,2021,2,9,447,23352
54,Новосибирская область,2021,2,157,10292,502000
55,Омская область,2021,2,3,484,25188
56,Оренбургская область,2021,2,6,1069,57756
57,Орловская область,2021,2,7,1382,67991
58,Пензенская область,2021,2,14,2158,116329
59,Пермский край,2021,2,28,4871,247660
60,Псковская область,2021,2,7,819,42511
61,Ростовская область,2021,2,30,8309,382962
62,Рязанская область,2021,2,6,2135,124146
63,Самарская область,2021,2,20,5686,297073
64,Саратовская область,2021,2,9,1602,83991
65,Сахалинская область,2021,2,10,876,49429
66,Свердловская область,2021,2,50,9822,521808
67,Смоленская область,2021,2,13,1479,81735
68,Тамбовская область,2021,2,14,1237,66309
69,Тверская область,2021,2,25,3153,161529
70,Томская область,2021,2,6,1046,61422
71,Тульская область,2021,2,12,1957,95944
72,Тюменская область,2021,2,34,5028,245722
73,Ульяновская область,2021,2,20,3473,167301
74,Челябинская область,2021,2,30,5951,291220
75,Забайкальский край,2021,2,6,726,34258
76,Ярославская область,2021,2,14,1790,99493
77,Город Москва,2021,2,70,30920,1730588
78,Город Санкт-Петербург,2021,2,81,18038,761121
86,Ханты-Мансийский АО - Югра,2021,2,10,1469,81221
89,Ямало-Ненецкий АО,2021,2,3,105,5242
91,Республика Крым,2021,2,17,2034,99422
92,Город Севастополь,2021,2,0,,
1,Республика Адыгея,2021,1,6,728,34937
2,Республика Башкортостан,2021,1,18,4918,223498
3,Республика Бурятия,2021,1,2,224,15645
8,Республика Калмыкия,2021,1,0,,
10,Республика Карелия,2021,1,4,413,24621
11,Республика Коми,2021,1,3,437,22340
12,Республика Марий Эл,2021,1,7,562,29445
13,Республика Мордовия,2021,1,3,421,22450
14,Республика Саха (Якутия),2021,1,2,208,11569
15,Республика Северная Осетия,2021,1,0,,
16,Республика Татарстан,2021,1,38,5407,277704
18,Удмуртская Республика,2021,1,14,2545,123815
19,Республика Хакасия,2021,1,5,599,32991
21,Чувашская Республика,2021,1,12,1478,93137
22,Алтайский край,2021,1,7,1372,67751
23,Краснодарский край,2021,1,13,4673,241041
24,Красноярский край,2021,1,8,1669,96338
25,Приморский край,2021,1,5,837,43581
26,Ставропольский край,2021,1,11,2941,145333
27,Хабаровский край,2021,1,3,308,16155
29,Архангельская область,2021,1,5,867,37425
30,Астраханская область,2021,1,2,506,27877
31,Белгородская область,2021,1,3,247,10753
32,Брянская область,2021,1,5,1028,70912
33,Владимирская область,2021,1,11,645,38731
34,Волгоградская область,2021,1,20,2335,125765
35,Вологодская область,2021,1,2,55,4012
36,Воронежская область,2021,1,17,4292,221400
37,Ивановская область,2021,1,5,442,26047
38,Иркутская область,2021,1,23,2221,119055
39,Калининградская область,2021,1,27,3522,207557
40,Калужская область,2021,1,4,331,20609
42,Кемеровская область - Кузбасс,2021,1,9,754,39135
43,Кировская область,2021,1,3,385,20401
44,Костромская область,2021,1,6,441,22913
45,Курганская область,2021,1,6,1000,54879
46,Курская область,2021,1,3,210,11951
47,Ленинградская область,2021,1,14,3481,149167
48,Липецкая область,2021,1,0,,
50,Московская область,2021,1,50,8952,399480
52,Нижегородская область,2021,1,14,2307,128520
53,Новгородская область,2021,1,3,236,12874
54,Новосибирская область,2021,1,36,5247,266645
55,Омская область,2021,1,1,138,6620
56,Оренбургская область,2021,1,10,1503,77212
57,Орловская область,2021,1,5,760,37899
58,Пензенская область,2021,1,16,3330,180233
59,Пермский край,2021,1,16,3134,152472
60,Псковская область,2021,1,0,,
61,Ростовская область,2021,1,14,3128,150344
62,Рязанская область,2021,1,6,1566,68129
63,Самарская область,2021,1,12,1580,77218
64,Саратовская область,2021,1,9,1719,101734
65,Сахалинская область,2021,1,1,226,14722
66,Свердловская область,2021,1,22,6810,299112
67,Смоленская область,2021,1,10,916,53633
68,Тамбовская область,2021,1,3,279,16514
69,Тверская область,2021,1,5,427,27414
70,Томская область,2021,1,2,222,18572
71,Тульская область,2021,1,3,712,34647
72,Тюменская область,2021,1,36,4843,266411
73,Ульяновская область,2021,1,7,622,36326
74,Челябинская область,2021,1,10,1368,73287
75,Забайкальский край,2021,1,0,,
76,Ярославская область,2021,1,15,2650,152878
77,Город Москва,2021,1,36,15907,858159
78,Город Санкт-Петербург,2021,1,18,5334,266513
86,Ханты-Мансийский АО - Югра,2021,1,4,568,39766
89,Ямало-Ненецкий АО,2021,1,1,85,4108
91,Республика Крым,2021,1,3,646,28974
92,Город Севастополь,2021,1,0,,
1,Республика Адыгея,2020,4,5,1529,76688
2,Республика Башкортостан,2020,4,20,4920,221461
3,Республика Бурятия,2020,4,6,603,32715
4,Республика Алтай,2020,4,1,57,2141
5,Республика Дагестан,2020,4,0,,
7,Кабардино-Балкарская Республика,2020,4,0,,
8,Республика Калмыкия,2020,4,2,99,5716
10,Республика Карелия,2020,4,2,206,12598
11,Республика Коми,2020,4,3,390,19668
12,Республика Марий Эл,2020,4,4,370,21864
13,Республика Мордовия,2020,4,6,841,44155
14,Республика Саха (Якутия),2020,4,3,429,21871
15,Республика Северная Осетия,2020,4,2,130,6760
16,Республика Татарстан,2020,4,30,4748,237937
18,Удмуртская Республика,2020,4,24,4136,227836
19,Республика Хакасия,2020,4,2,459,22956
20,Чеченская Республика,2020,4,0,,
21,Чувашская Республика,2020,4,18,2709,154397
22,Алтайский край,2020,4,24,3917,217152
23,Краснодарский край,2020,4,18,7489,326437
24,Красноярский край,2020,4,10,2877,154977
25,Приморский край,2020,4,28,6446,287262
26,Ставропольский край,2020,4,13,1511,80603
27,Хабаровский край,2020,4,5,551,28130
28,Амурская область,2020,4,1,109,4979
29,Архангельская область,2020,4,7,982,44302
30,Астраханская область,2020,4,5,635,36379
31,Белгородская область,2020,4,10,1033,52322
32,Брянская область,2020,4,5,627,40808
33,Владимирская область,2020,4,10,699,40136
34,Волгоградская область,2020,4,6,569,26216
35,Вологодская область,2020,4,22,1629,88190
36,Воронежская область,2020,4,16,3781,172596
37,Ивановская область,2020,4,2,279,15441
38,Иркутская область,2020,4,38,625,39793
39,Калининградская область,2020,4,20,2309,125016
40,Калужская область,2020,4,3,585,36082
42,Кемеровская область - Кузбасс,2020,4,3,512,24598
43,Кировская область,2020,4,8,1214,59527
44,Костромская область,2020,4,3,109,6506
45,Курганская область,2020,4,4,627,30909
46,Курская область,2020,4,3,742,35542
47,Ленинградская область,2020,4,45,13530,565564
48,Липецкая область,2020,4,0,,
50,Московская область,2020,4,64,22391,1045264
52,Нижегородская область,2020,4,28,3618,177744
53,Новгородская область,2020,4,5,463,24946
54,Новосибирская область,2020,4,34,4614,244619
55,Омская область,2020,4,4,511,33035
56,Оренбургская область,2020,4,17,2206,103565
57,Орловская область,2020,4,9,1464,73446
58,Пензенская область,2020,4,9,2220,128786
59,Пермский край,2020,4,9,1586,75707
60,Псковская область,2020,4,10,1348,68018
61,Ростовская область,2020,4,30,7801,373079
62,Рязанская область,2020,4,0,,
63,Самарская область,2020,4,18,3483,175892
64,Саратовская область,2020,4,19,2635,125694
65,Сахалинская область,2020,4,1,281,15718
66,Свердловская область,2020,4,44,10542,532333
67,Смоленская область,2020,4,11,866,51053
68,Тамбовская область,2020,4,4,525,28479
69,Тверская область,2020,4,8,902,48009
70,Томская область,2020,4,1,48,3148
71,Тульская область,2020,4,5,1407,69928
72,Тюменская область,2020,4,20,3164,166509
73,Ульяновская область,2020,4,13,1816,88604
74,Челябинская область,2020,4,17,2793,136004
75,Забайкальский край,2020,4,3,515,19536
76,Ярославская область,2020,4,8,1778,86397
77,Город Москва,2020,4,63,29629,1542587
78,Город Санкт-Петербург,2020,4,30,9801,421329
86,Ханты-Мансийский АО - Югра,2020,4,11,961,53821
89,Ямало-Ненецкий АО,2020,4,5,370,17718
91,Республика Крым,2020,4,10,1532,69978
92,Город Севастополь,2020,4,6,885,44002
1,Республика Адыгея,2020,3,0,,
2,Республика Башкортостан,2020,3,17,4211,218009
3,Республика Бурятия,2020,3,2,181,8081
6,Республика Ингушетия,2020,3,0,,
7,Кабардино-Балкарская Республика,2020,3,1,54,4118
10,Республика Карелия,2020,3,3,256,13077
11,Республика Коми,2020,3,2,251,11186
12,Республика Марий Эл,2020,3,5,480,26032
13,Республика Мордовия,2020,3,5,484,25045
14,Республика Саха (Якутия),2020,3,2,911,45405
15,Республика Северная Осетия,2020,3,1,86,6275
16,Республика Татарстан,2020,3,31,5166,255457
18,Удмуртская Республика,2020,3,12,2092,96603
19,Республика Хакасия,2020,3,5,545,31337
21,Чувашская Республика,2020,3,14,2128,123869
22,Алтайский край,2020,3,13,3254,160662
23,Краснодарский край,2020,3,27,7894,366710
24,Красноярский край,2020,3,18,2577,145066
25,Приморский край,2020,3,17,2177,104739
26,Ставропольский край,2020,3,8,1087,58098
27,Хабаровский край,2020,3,6,907,48631
28,Амурская область,2020,3,3,346,17309
29,Архангельская область,2020,3,8,814,43991
30,Астраханская область,2020,3,0,,
31,Белгородская область,2020,3,12,962,48369
32,Брянская область,2020,3,7,948,54646
33,Владимирская область,2020,3,4,160,9833
34,Волгоградская область,2020,3,8,849,42762
35,Вологодская область,2020,3,11,1523,76581
36,Воронежская область,2020,3,22,6606,339122
37,Ивановская область,2020,3,4,430,26806
38,Иркутская область,2020,3,6,811,42160
39,Калининградская область,2020,3,29,2364,112847
40,Калужская область,2020,3,2,351,20825
41,Камчатский край,2020,3,0,,
42,Кемеровская область - Кузбасс,2020,3,2,236,13143
43,Кировская область,2020,3,12,1602,68294
44,Костромская область,2020,3,9,413,19793
45,Курганская область,2020,3,3,487,26456
46,Курская область,2020,3,4,445,26317
47,Ленинградская область,2020,3,18,4052,174021
48,Липецкая область,2020,3,10,524,34695
50,Московская область,2020,3,34,11328,538939
51,Мурманская область,2020,3,0,,
52,Нижегородская область,2020,3,13,2291,124679
53,Новгородская область,2020,3,2,247,12037
54,Новосибирская область,2020,3,77,5835,307560
55,Омская область,2020,3,5,1198,58357
56,Оренбургская область,2020,3,19,2283,115645
57,Орловская область,2020,3,2,352,17562
58,Пензенская область,2020,3,12,2980,149557
59,Пермский край,2020,3,22,3162,158847
60,Псковская область,2020,3,6,433,22986
61,Ростовская область,2020,3,26,4744,228228
62,Рязанская область,2020,3,1,93,5614
63,Самарская область,2020,3,1,184,11316
64,Саратовская область,2020,3,8,1290,63985
65,Сахалинская область,2020,3,0,,
66,Свердловская область,2020,3,15,3351,162449
67,Смоленская область,2020,3,10,897,47892
68,Тамбовская область,2020,3,7,977,53003
69,Тверская область,2020,3,13,833,49065
71,Тульская область,2020,3,5,900,47780
72,Тюменская область,2020,3,31,5615,277940
73,Ульяновская область,2020,3,11,1879,90906
74,Челябинская область,2020,3,9,1313,68806
76,Ярославская область,2020,3,8,728,37237
77,Город Москва,2020,3,40,21672,1255630
78,Город Санкт-Петербург,2020,3,27,12992,612833
86,Ханты-Мансийский АО - Югра,2020,3,3,487,24250
89,Ямало-Ненецкий АО,2020,3,1,103,4951
91,Республика Крым,2020,3,1,162,5989
92,Город Севастополь,2020,3,2,219,10639
1,Республика Адыгея,2020,2,0,,
2,Республика Башкортостан,2020,2,7,1583,81436
3,Республика Бурятия,2020,2,5,287,13100
4,Республика Алтай,2020,2,1,58,2393
6,Республика Ингушетия,2020,2,0,,
7,Кабардино-Балкарская Республика,2020,2,0,,
10,Республика Карелия,2020,2,4,431,19371
11,Республика Коми,2020,2,1,72,3608
12,Республика Марий Эл,2020,2,5,358,19088
13,Республика Мордовия,2020,2,2,171,9285
14,Республика Саха (Якутия),2020,2,4,391,16568
15,Республика Северная Осетия,2020,2,1,151,9818
16,Республика Татарстан,2020,2,23,5311,298164
18,Удмуртская Республика,2020,2,4,370,15456
19,Республика Хакасия,2020,2,1,75,5081
21,Чувашская Республика,2020,2,6,689,37950
22,Алтайский край,2020,2,2,493,27646
23,Краснодарский край,2020,2,44,13554,538849
24,Красноярский край,2020,2,5,1347,74992
25,Приморский край,2020,2,4,935,45141
26,Ставропольский край,2020,2,5,589,31488
27,Хабаровский край,2020,2,6,791,40873
28,Амурская область,2020,2,1,93,5129
29,Архангельская область,2020,2,4,632,28103
30,Астраханская область,2020,2,1,198,11761
31,Белгородская область,2020,2,5,588,23013
32,Брянская область,2020,2,4,411,31083
33,Владимирская область,2020,2,3,48,3500
34,Волгоградская область,2020,2,20,472,24018
35,Вологодская область,2020,2,15,1119,59158
36,Воронежская область,2020,2,19,2212,124579
37,Ивановская область,2020,2,4,242,15371
38,Иркутская область,2020,2,22,2699,141950
39,Калининградская область,2020,2,29,2856,162508
40,Калужская область,2020,2,1,200,10904
42,Кемеровская область - Кузбасс,2020,2,2,203,10523
43,Кировская область,2020,2,0,,
44,Костромская область,2020,2,5,462,27520
45,Курганская область,2020,2,1,148,5938
46,Курская область,2020,2,1,150,7451
47,Ленинградская область,2020,2,19,4475,175204
48,Липецкая область,2020,2,3,626,34079
50,Московская область,2020,2,37,7093,356609
52,Нижегородская область,2020,2,13,1785,100615
53,Новгородская область,2020,2,1,64,3045
54,Новосибирская область,2020,2,34,5670,255652
55,Омская область,2020,2,1,135,6617
56,Оренбургская область,2020,2,4,539,21270
57,Орловская область,2020,2,1,234,15085
58,Пензенская область,2020,2,9,2092,106576
59,Пермский край,2020,2,14,2186,103845
60,Псковская область,2020,2,0,,
61,Ростовская область,2020,2,11,1973,101033
62,Рязанская область,2020,2,1,98,5154
63,Самарская область,2020,2,6,1744,93367
64,Саратовская область,2020,2,10,1380,78897
65,Сахалинская область,2020,2,0,,
66,Свердловская область,2020,2,12,2146,134944
67,Смоленская область,2020,2,12,1068,58673
68,Тамбовская область,2020,2,3,277,16938
69,Тверская область,2020,2,12,595,26034
71,Тульская область,2020,2,14,1545,79185
72,Тюменская область,2020,2,20,3800,205162
73,Ульяновская область,2020,2,5,527,27131
74,Челябинская область,2020,2,22,1678,88571
75,Забайкальский край,2020,2,0,,
76,Ярославская область,2020,2,8,599,30951
77,Город Москва,2020,2,16,8803,551110
78,Город Санкт-Петербург,2020,2,13,4395,259338
83,Ненецкий АО,2020,2,0,,
86,Ханты-Мансийский АО - Югра,2020,2,6,1263,65347
89,Ямало-Ненецкий АО,2020,2,1,18,930
91,Республика Крым,2020,2,11,1499,78768
92,Город Севастополь,2020,2,2,357,18284
1,Республика Адыгея,2020,1,4,1016,37804
2,Республика Башкортостан,2020,1,14,2817,145802
3,Республика Бурятия,2020,1,1,88,4232
5,Республика Дагестан,2020,1,1,403,24410
8,Республика Калмыкия,2020,1,1,33,1737
10,Республика Карелия,2020,1,1,86,3746
11,Республика Коми,2020,1,2,503,20664
12,Республика Марий Эл,2020,1,2,258,12983
13,Республика Мордовия,2020,1,0,,
14,Республика Саха (Якутия),2020,1,2,175,7826
15,Республика Северная Осетия,2020,1,3,204,12989
16,Республика Татарстан,2020,1,11,2453,120576
18,Удмуртская Республика,2020,1,3,723,34073
19,Республика Хакасия,2020,1,2,181,10531
20,Чеченская Республика,2020,1,0,,
21,Чувашская Республика,2020,1,9,927,51581
22,Алтайский край,2020,1,3,1015,57451
23,Краснодарский край,2020,1,46,5380,260690
24,Красноярский край,2020,1,8,2198,98604
25,Приморский край,2020,1,6,1139,59166
26,Ставропольский край,2020,1,4,299,16300
27,Хабаровский край,2020,1,23,2016,104837
28,Амурская область,2020,1,3,616,32805
29,Архангельская область,2020,1,2,274,13070
30,Астраханская область,2020,1,2,121,7711
31,Белгородская область,2020,1,6,392,19302
32,Брянская область,2020,1,2,129,6500
33,Владимирская область,2020,1,6,1066,54752
34,Волгоградская область,2020,1,2,105,5473
35,Вологодская область,2020,1,7,1745,81812
36,Воронежская область,2020,1,7,1839,79120
37,Ивановская область,2020,1,1,116,6138
38,Иркутская область,2020,1,9,999,57873
39,Калининградская область,2020,1,6,717,31829
40,Калужская область,2020,1,2,120,7378
42,Кемеровская область - Кузбасс,2020,1,4,622,31179
43,Кировская область,2020,1,9,778,34384
44,Костромская область,2020,1,2,91,5401
45,Курганская область,2020,1,2,291,16651
46,Курская область,2020,1,1,2,10
47,Ленинградская область,2020,1,4,693,34232
48,Липецкая область,2020,1,6,1338,72745
50,Московская область,2020,1,54,5878,294351
52,Нижегородская область,2020,1,13,2646,151896
53,Новгородская область,2020,1,1,168,11064
54,Новосибирская область,2020,1,19,3025,142351
55,Омская область,2020,1,1,219,11705
56,Оренбургская область,2020,1,1,35,2038
57,Орловская область,2020,1,5,1140,64218
58,Пензенская область,2020,1,2,543,27605
59,Пермский край,2020,1,9,1332,66648
60,Псковская область,2020,1,0,,
61,Ростовская область,2020,1,19,2396,118310
62,Рязанская область,2020,1,6,2137,99749
63,Самарская область,2020,1,11,2733,135982
64,Саратовская область,2020,1,7,1149,54209
65,Сахалинская область,2020,1,0,,
66,Свердловская область,2020,1,17,6033,254704
67,Смоленская область,2020,1,7,750,38163
68,Тамбовская область,2020,1,5,591,32713
69,Тверская область,2020,1,13,1389,69430
70,Томская область,2020,1,1,308,15835
71,Тульская область,2020,1,0,,
72,Тюменская область,2020,1,18,4539,236305
73,Ульяновская область,2020,1,5,283,16204
74,Челябинская область,2020,1,4,1126,67350
76,Ярославская область,2020,1,3,94,5051
77,Город Москва,2020,1,27,11747,586406
78,Город Санкт-Петербург,2020,1,8,6109,252682
83,Ненецкий АО,2020,1,0,,
86,Ханты-Мансийский АО - Югра,2020,1,8,1012,56930
89,Ямало-Ненецкий АО,2020,1,1,27,933
91,Республика Крым,2020,1,6,807,35435
92,Город Севастополь,2020,1,0,,
