region_id,year,quarter,buildings_count,apartments_count,total_living_area
50,2026,2,6,1445,71317.0
5,2026,2,31,4051,182890.0
56,2026,2,24,1842,91725.0
76,2026,2,3,396,15806.0
61,2026,2,15,2326,124236.0
66,2026,2,16,2455,150930.0
83,2026,2,3,168,8687.0
49,2026,2,4,373,17159.0
63,2026,2,1,131,7915.0
48,2026,2,3,330,21790.0
71,2026,2,4,597,27498.0
45,2026,2,9,1351,62516.0
47,2026,2,9,1040,65202.0
11,2026,2,13,5191,260724.0
78,2026,2,6,330,19122.0
27,2026,2,13,2756,141658.0
67,2026,2,3,440,25039.0
69,2026,2,1,176,9230.0
33,2026,2,15,1275,71568.0
21,2026,2,11,1969,105922.0
4,2026,2,24,8753,391621.0
10,2026,2,12,1876,102995.0
29,2026,2,15,2293,111434.0
19,2026,2,21,4503,233530.0
44,2026,2,18,3652,150664.0
70,2026,2,3,345,15610.0
40,2026,2,7,816,42689.0
57,2026,2,6,943,45607.0
65,2026,2,1,205,10653.0
32,2026,2,3,385,24632.0
22,2026,2,12,309,16838.0
30,2026,2,33,3657,173868.0
31,2026,2,26,1469,78066.0
15,2026,2,13,1644,86060.0
54,2026,2,5,659,39960.0
25,2026,2,16,3019,141812.0
16,2026,2,46,3868,194652.0
26,2026,2,10,1371,75207.0
81,2026,2,1,43,1547.0
37,2026,2,2,399,20953.0
36,2026,2,11,1328,70628.0
62,2026,2,1,62,3414.0
75,2026,2,2,346,16051.0
59,2026,2,4,1030,54226.0
6,2026,2,39,15347,555573.0
43,2026,2,46,612,29206.0
3,2026,2,104,13760,656420.0
79,2026,2,1,193,10063.0
23,2026,2,18,3134,159413.0
74,2026,2,9,836,45342.0
8,2026,2,47,5194,269193.0
52,2026,2,5,2120,100341.0
41,2026,2,12,893,49872.0
55,2026,2,5,417,24791.0
35,2026,2,17,3553,169096.0
17,2026,2,22,4474,218952.0
53,2026,2,9,984,50533.0
9,2026,2,5,1277,57014.0
14,2026,2,15,1449,85212.0
12,2026,2,20,4629,234482.0
20,2026,2,7,489,27927.0
64,2026,2,2,665,32437.0
7,2026,2,39,10545,474265.0
46,2026,2,9,896,45927.0
51,2026,2,8,834,49708.0
42,2026,2,19,1199,61872.0
68,2026,2,7,1749,83438.0
28,2026,2,17,3063,151418.0
13,2026,2,8,2354,117838.0
34,2026,2,8,826,44662.0
18,2026,2,44,3927,216478.0
72,2026,2,5,1103,52692.0
24,2026,2,30,4010,203207.0
1,2026,2,20,9157,559082.0
2,2026,2,7,2854,113883.0
84,2026,2,1,263,9979.0
39,2026,2,6,677,35736.0
60,2026,2,11,251,14623.0
38,2026,2,33,4999,245838.0
58,2026,2,1,380,21694.0
85,2026,2,7,1138,49222.0
87,2026,2,15,2626,133200.0
88,2026,2,3,1165,48754.0
50,2026,1,5,1522,70147.0
5,2026,1,43,10225,473922.0
56,2026,1,10,1334,59327.0
76,2026,1,1,71,3347.0
61,2026,1,10,2079,116751.0
66,2026,1,16,3033,184185.0
83,2026,1,2,318,21205.0
49,2026,1,5,727,34809.0
63,2026,1,2,230,11977.0
48,2026,1,3,309,14994.0
71,2026,1,1,300,16182.0
45,2026,1,5,635,32072.0
47,2026,1,5,662,36308.0
11,2026,1,16,3771,173002.0
78,2026,1,8,461,22340.0
27,2026,1,7,999,51815.0
67,2026,1,5,694,34824.0
33,2026,1,9,1203,73101.0
21,2026,1,15,2817,138853.0
4,2026,1,50,12270,507491.0
10,2026,1,7,2113,98114.0
29,2026,1,23,2937,148485.0
19,2026,1,29,8212,393630.0
44,2026,1,8,1415,70270.0
70,2026,1,7,1050,53127.0
40,2026,1,13,2797,125232.0
57,2026,1,14,3178,144735.0
65,2026,1,11,608,28426.0
32,2026,1,8,931,49972.0
22,2026,1,3,558,27409.0
30,2026,1,18,1505,76276.0
31,2026,1,7,679,30656.0
15,2026,1,7,1735,86287.0
54,2026,1,5,407,24710.0
25,2026,1,5,1007,50140.0
16,2026,1,25,2668,140942.0
26,2026,1,8,913,55261.0
37,2026,1,3,915,39413.0
36,2026,1,16,1856,102984.0
62,2026,1,9,449,23962.0
75,2026,1,5,720,33316.0
59,2026,1,29,547,31472.0
6,2026,1,151,18288,761630.0
43,2026,1,25,889,45238.0
3,2026,1,65,17479,791695.0
23,2026,1,9,2310,123972.0
74,2026,1,3,166,7753.0
8,2026,1,26,6228,334571.0
52,2026,1,10,2817,132577.0
41,2026,1,20,2565,134168.0
55,2026,1,2,405,20340.0
35,2026,1,8,2564,118651.0
17,2026,1,15,2930,144075.0
53,2026,1,4,644,29878.0
9,2026,1,32,7977,382823.0
14,2026,1,6,2036,82884.0
12,2026,1,6,877,52821.0
20,2026,1,7,488,24830.0
7,2026,1,26,10275,492478.0
46,2026,1,6,774,42783.0
51,2026,1,15,776,38226.0
42,2026,1,5,567,28227.0
68,2026,1,5,1374,61070.0
28,2026,1,18,3473,160709.0
13,2026,1,22,4847,257256.0
34,2026,1,13,2698,126001.0
18,2026,1,13,1604,79758.0
72,2026,1,5,562,29304.0
24,2026,1,18,1478,78477.0
1,2026,1,33,12230,761080.0
2,2026,1,20,10028,427845.0
84,2026,1,1,84,4475.0
39,2026,1,3,430,17016.0
60,2026,1,37,311,18491.0
38,2026,1,17,2812,143238.0
58,2026,1,8,777,40942.0
85,2026,1,17,4053,178453.0
87,2026,1,39,4780,225578.0
88,2026,1,6,1080,42805.0
50,2025,4,43,9816,426884.0
5,2025,4,60,7656,347980.0
56,2025,4,8,1306,63278.0
76,2025,4,12,1206,55763.0
61,2025,4,15,1455,76628.0
73,2025,4,6,652,50983.0
66,2025,4,23,4017,217488.0
77,2025,4,1,35,2162.0
83,2025,4,2,102,6452.0
49,2025,4,13,1539,79782.0
63,2025,4,2,676,33636.0
48,2025,4,9,924,51174.0
71,2025,4,8,1133,58702.0
45,2025,4,8,953,48945.0
47,2025,4,9,1548,95684.0
11,2025,4,19,5145,247602.0
27,2025,4,18,3735,173960.0
67,2025,4,3,661,29789.0
69,2025,4,37,6188,383649.0
33,2025,4,14,2042,110121.0
21,2025,4,15,2022,101839.0
4,2025,4,77,19567,876202.0
10,2025,4,15,3147,163978.0
29,2025,4,23,2911,134916.0
19,2025,4,25,3654,194666.0
44,2025,4,6,806,35797.0
70,2025,4,4,550,27210.0
40,2025,4,16,2076,112966.0
57,2025,4,11,3183,147027.0
65,2025,4,12,694,36041.0
32,2025,4,24,1394,67627.0
22,2025,4,6,789,44747.0
30,2025,4,33,3893,171196.0
31,2025,4,15,1232,72374.0
15,2025,4,16,2898,148121.0
54,2025,4,6,744,43305.0
25,2025,4,13,2349,104506.0
16,2025,4,40,3856,179809.0
26,2025,4,20,3622,184209.0
81,2025,4,1,198,8564.0
37,2025,4,10,1307,65536.0
36,2025,4,17,2407,113364.0
62,2025,4,10,849,44168.0
75,2025,4,9,1158,60165.0
59,2025,4,9,740,36326.0
6,2025,4,28,6669,276217.0
43,2025,4,25,2781,127892.0
3,2025,4,73,15707,744519.0
79,2025,4,3,547,29181.0
23,2025,4,25,4846,242334.0
74,2025,4,10,1284,62204.0
8,2025,4,37,6783,338170.0
52,2025,4,4,816,38150.0
41,2025,4,18,1190,63344.0
55,2025,4,4,622,34032.0
35,2025,4,10,2779,127572.0
17,2025,4,20,5476,276067.0
53,2025,4,15,1694,78874.0
9,2025,4,46,10872,513992.0
14,2025,4,1,124,6520.0
12,2025,4,13,1802,100883.0
20,2025,4,10,438,25693.0
7,2025,4,58,18442,917408.0
46,2025,4,4,302,16240.0
51,2025,4,5,692,28442.0
68,2025,4,5,1389,68883.0
28,2025,4,10,2087,99676.0
13,2025,4,33,6373,318405.0
34,2025,4,6,765,41253.0
18,2025,4,32,5158,254879.0
72,2025,4,1,70,4055.0
24,2025,4,26,2771,140038.0
1,2025,4,37,17810,1033340.0
2,2025,4,26,10148,482334.0
84,2025,4,1,12,498.0
80,2025,4,1,41,2215.0
39,2025,4,9,1499,83285.0
86,2025,4,4,265,13855.0
60,2025,4,4,397,20702.0
89,2025,4,5,1252,46491.0
38,2025,4,49,3640,180055.0
58,2025,4,5,498,24832.0
85,2025,4,13,2005,84373.0
87,2025,4,14,1836,89126.0
88,2025,4,3,678,27254.0
50,2025,3,8,1542,72995.0
5,2025,3,22,5415,250287.0
56,2025,3,7,1054,54451.0
76,2025,3,5,419,20270.0
61,2025,3,10,1458,100551.0
66,2025,3,8,720,47987.0
77,2025,3,1,44,2623.0
83,2025,3,2,319,26758.0
49,2025,3,3,524,24949.0
63,2025,3,3,533,31912.0
48,2025,3,14,1697,109218.0
71,2025,3,1,159,7491.0
45,2025,3,10,1880,83679.0
47,2025,3,5,659,34704.0
11,2025,3,13,4867,243168.0
78,2025,3,12,1080,49135.0
27,2025,3,6,1525,74684.0
67,2025,3,2,88,3609.0
69,2025,3,23,4188,215805.0
33,2025,3,11,1204,69486.0
21,2025,3,10,1372,65301.0
4,2025,3,63,19279,874981.0
10,2025,3,14,3507,199598.0
29,2025,3,17,3698,177671.0
19,2025,3,43,5477,274977.0
44,2025,3,26,3084,158891.0
70,2025,3,4,1008,47005.0
40,2025,3,16,2205,121644.0
57,2025,3,3,914,38000.0
65,2025,3,18,1380,70653.0
32,2025,3,3,801,40907.0
22,2025,3,5,317,17267.0
30,2025,3,12,1679,77810.0
31,2025,3,10,1537,78666.0
15,2025,3,22,5317,267414.0
54,2025,3,6,484,28968.0
25,2025,3,12,1647,79566.0
16,2025,3,42,4135,217968.0
26,2025,3,4,502,24862.0
37,2025,3,11,1689,75227.0
36,2025,3,11,1144,59608.0
62,2025,3,5,451,26109.0
75,2025,3,1,34,1218.0
59,2025,3,6,2005,106592.0
6,2025,3,55,12543,509458.0
43,2025,3,32,491,27874.0
82,2025,3,2,268,13348.0
3,2025,3,88,6147,291818.0
23,2025,3,21,3620,178463.0
74,2025,3,2,175,9167.0
8,2025,3,83,3965,202478.0
52,2025,3,10,1327,71448.0
41,2025,3,9,1630,82379.0
55,2025,3,2,423,23565.0
35,2025,3,9,2152,108146.0
17,2025,3,16,3453,161821.0
53,2025,3,6,635,28603.0
9,2025,3,37,11971,613631.0
14,2025,3,7,2426,125445.0
12,2025,3,30,1728,79535.0
20,2025,3,7,2634,159892.0
64,2025,3,2,847,38290.0
7,2025,3,41,13922,739660.0
46,2025,3,5,562,30462.0
51,2025,3,10,954,49574.0
42,2025,3,2,52,4153.0
68,2025,3,1,654,30811.0
28,2025,3,6,1042,75143.0
13,2025,3,22,5629,271211.0
34,2025,3,7,1051,47906.0
18,2025,3,18,3752,186380.0
72,2025,3,12,1855,81314.0
24,2025,3,18,1626,81649.0
1,2025,3,35,18576,1060648.0
2,2025,3,25,7372,302701.0
60,2025,3,2,166,8107.0
38,2025,3,40,3280,161668.0
58,2025,3,2,205,10811.0
85,2025,3,27,2881,133596.0
87,2025,3,15,1724,99924.0
88,2025,3,2,287,14865.0
50,2025,2,14,3046,133127.0
5,2025,2,15,2456,119734.0
56,2025,2,8,908,39000.0
76,2025,2,8,531,30589.0
61,2025,2,7,1464,87261.0
66,2025,2,5,1497,81976.0
77,2025,2,1,72,5732.0
83,2025,2,6,987,51746.0
49,2025,2,3,134,10284.0
63,2025,2,2,156,9811.0
48,2025,2,8,720,42110.0
71,2025,2,4,457,24057.0
45,2025,2,6,881,42895.0
47,2025,2,5,440,25357.0
11,2025,2,52,8281,391507.0
27,2025,2,19,3054,148619.0
67,2025,2,7,516,22756.0
69,2025,2,4,1144,67526.0
33,2025,2,13,1447,83547.0
21,2025,2,5,798,40296.0
4,2025,2,57,8295,386764.0
10,2025,2,9,3757,197269.0
29,2025,2,20,3576,180997.0
19,2025,2,27,5228,274696.0
44,2025,2,18,4172,189697.0
70,2025,2,5,576,26277.0
40,2025,2,9,1827,85114.0
57,2025,2,8,2026,96937.0
65,2025,2,12,766,39173.0
32,2025,2,4,459,22156.0
22,2025,2,3,344,17135.0
30,2025,2,21,1826,90149.0
31,2025,2,7,607,37942.0
15,2025,2,21,5956,269976.0
54,2025,2,4,374,21392.0
25,2025,2,12,2019,104585.0
16,2025,2,24,3044,125446.0
26,2025,2,6,668,38021.0
37,2025,2,8,1285,63552.0
36,2025,2,9,881,46494.0
62,2025,2,5,226,12958.0
75,2025,2,3,338,17308.0
59,2025,2,7,597,33571.0
6,2025,2,71,6445,284421.0
43,2025,2,41,403,25649.0
3,2025,2,100,12193,561534.0
79,2025,2,2,926,40546.0
23,2025,2,19,5746,268178.0
74,2025,2,2,216,10771.0
8,2025,2,42,8599,438481.0
52,2025,2,6,1429,73017.0
41,2025,2,17,1238,64220.0
55,2025,2,1,150,8872.0
35,2025,2,4,994,49524.0
17,2025,2,19,3984,193610.0
53,2025,2,7,704,33253.0
9,2025,2,12,3194,146152.0
14,2025,2,3,1119,51240.0
12,2025,2,9,1868,92484.0
20,2025,2,7,611,32993.0
64,2025,2,4,498,32688.0
7,2025,2,37,8113,393288.0
46,2025,2,5,256,13760.0
51,2025,2,2,230,12206.0
42,2025,2,4,803,36139.0
68,2025,2,2,167,8205.0
28,2025,2,6,1029,55158.0
13,2025,2,26,8757,439116.0
34,2025,2,11,135,7804.0
18,2025,2,24,4214,218464.0
72,2025,2,3,583,27932.0
24,2025,2,18,2115,92383.0
1,2025,2,40,19210,1024047.0
2,2025,2,30,12003,473966.0
39,2025,2,11,1524,87090.0
86,2025,2,1,40,2144.0
60,2025,2,5,533,30415.0
38,2025,2,29,6476,320064.0
58,2025,2,2,193,10743.0
85,2025,2,12,1564,78545.0
87,2025,2,1,140,10803.0
88,2025,2,4,813,35708.0
50,2025,1,5,1688,89381.0
5,2025,1,22,5544,233961.0
56,2025,1,7,531,25490.0
66,2025,1,4,534,33507.0
77,2025,1,1,8,1026.0
83,2025,1,2,447,24427.0
49,2025,1,2,185,8640.0
63,2025,1,1,28,1639.0
48,2025,1,10,720,33603.0
71,2025,1,1,136,6820.0
45,2025,1,8,1201,61449.0
47,2025,1,1,182,11009.0
11,2025,1,29,4313,214754.0
78,2025,1,7,240,11688.0
27,2025,1,17,2218,102259.0
67,2025,1,2,408,20043.0
69,2025,1,1,396,29030.0
33,2025,1,4,393,22332.0
21,2025,1,7,1060,51490.0
4,2025,1,39,9461,436256.0
10,2025,1,13,2827,156352.0
29,2025,1,12,1922,87752.0
19,2025,1,20,3915,197298.0
44,2025,1,13,2556,128538.0
70,2025,1,1,135,6427.0
40,2025,1,5,587,24534.0
57,2025,1,3,754,33604.0
65,2025,1,2,265,14216.0
32,2025,1,12,672,37374.0
22,2025,1,4,749,44491.0
30,2025,1,16,1372,61864.0
31,2025,1,7,584,28037.0
15,2025,1,19,4809,237551.0
54,2025,1,4,434,26404.0
25,2025,1,5,735,43925.0
16,2025,1,17,1610,80006.0
26,2025,1,2,151,6818.0
37,2025,1,3,297,15291.0
36,2025,1,5,844,42355.0
62,2025,1,7,501,28647.0
75,2025,1,1,325,18400.0
6,2025,1,38,7789,340890.0
43,2025,1,41,535,30490.0
3,2025,1,41,8518,375990.0
23,2025,1,10,2280,115260.0
74,2025,1,8,742,39706.0
8,2025,1,47,5544,304639.0
52,2025,1,7,1587,88473.0
41,2025,1,14,1234,59507.0
55,2025,1,2,317,18299.0
35,2025,1,11,2642,132926.0
17,2025,1,17,2453,125806.0
53,2025,1,6,674,30604.0
9,2025,1,13,5022,209309.0
14,2025,1,3,301,15566.0
12,2025,1,13,1796,93894.0
20,2025,1,2,418,21190.0
64,2025,1,1,453,20921.0
7,2025,1,27,10395,494050.0
46,2025,1,15,1287,68006.0
51,2025,1,6,983,55601.0
42,2025,1,1,96,6375.0
68,2025,1,13,2098,106357.0
28,2025,1,8,1566,84483.0
13,2025,1,21,4172,212175.0
34,2025,1,8,1552,71652.0
18,2025,1,9,1507,80983.0
72,2025,1,7,995,45995.0
24,2025,1,7,533,27494.0
1,2025,1,20,14130,772456.0
2,2025,1,22,13218,539465.0
39,2025,1,5,645,33217.0
60,2025,1,2,165,7815.0
38,2025,1,33,5854,261803.0
58,2025,1,2,96,4396.0
85,2025,1,5,785,38517.0
87,2025,1,2,160,10337.0
50,2024,4,8,1278,58167.0
5,2024,4,35,8794,393473.0
56,2024,4,14,2306,124262.0
61,2024,4,16,3273,182432.0
66,2024,4,3,1106,59850.0
77,2024,4,2,126,6798.0
83,2024,4,1,96,5437.0
49,2024,4,3,519,25265.0
63,2024,4,1,84,5979.0
48,2024,4,11,1091,63295.0
71,2024,4,9,739,41144.0
45,2024,4,16,2027,88245.0
47,2024,4,7,727,48666.0
11,2024,4,35,6898,371592.0
78,2024,4,6,487,22397.0
27,2024,4,5,874,47513.0
67,2024,4,4,596,29215.0
69,2024,4,16,2731,147166.0
33,2024,4,11,1661,98421.0
21,2024,4,14,2153,133210.0
4,2024,4,102,14138,651349.0
10,2024,4,19,6262,314078.0
29,2024,4,34,7388,347221.0
19,2024,4,26,3900,189570.0
44,2024,4,9,1557,88161.0
70,2024,4,3,192,8341.0
40,2024,4,12,1974,94126.0
57,2024,4,9,1941,89420.0
65,2024,4,10,374,19085.0
32,2024,4,11,654,30093.0
22,2024,4,10,1922,92332.0
30,2024,4,17,1392,63127.0
31,2024,4,37,748,48048.0
15,2024,4,22,5529,263694.0
54,2024,4,8,674,42670.0
25,2024,4,8,1113,59756.0
16,2024,4,37,3420,172956.0
26,2024,4,5,1077,59956.0
81,2024,4,5,845,47825.0
37,2024,4,4,721,35577.0
36,2024,4,10,1139,62572.0
62,2024,4,3,143,8286.0
75,2024,4,7,1248,61122.0
59,2024,4,5,1115,62723.0
6,2024,4,33,10982,463408.0
43,2024,4,4,667,37821.0
3,2024,4,64,19544,840444.0
79,2024,4,1,310,15019.0
23,2024,4,20,4149,198715.0
8,2024,4,143,6784,332046.0
52,2024,4,2,463,26188.0
41,2024,4,47,2091,106332.0
35,2024,4,12,3437,190553.0
17,2024,4,15,3567,172135.0
53,2024,4,4,423,19675.0
9,2024,4,70,28745,1296924.0
14,2024,4,2,782,34941.0
12,2024,4,13,2376,120935.0
20,2024,4,14,1995,125324.0
64,2024,4,5,690,32910.0
7,2024,4,76,12811,605870.0
46,2024,4,16,1638,91587.0
51,2024,4,6,1039,44368.0
42,2024,4,2,60,3733.0
68,2024,4,4,647,34141.0
28,2024,4,6,1984,116005.0
13,2024,4,28,9652,479343.0
34,2024,4,3,461,23124.0
18,2024,4,15,2604,154831.0
72,2024,4,3,685,31108.0
24,2024,4,6,1031,43888.0
1,2024,4,35,26221,1310942.0
2,2024,4,16,8415,334307.0
39,2024,4,6,1254,74134.0
86,2024,4,1,12,243.0
60,2024,4,3,259,13722.0
38,2024,4,27,2688,141355.0
58,2024,4,2,198,11223.0
85,2024,4,7,865,41261.0
50,2024,3,9,950,40742.0
5,2024,3,40,10270,450300.0
56,2024,3,28,4911,256536.0
76,2024,3,2,234,10913.0
61,2024,3,13,2111,121298.0
73,2024,3,2,62,4510.0
66,2024,3,10,1300,86337.0
77,2024,3,1,52,3406.0
83,2024,3,5,705,52633.0
49,2024,3,2,229,11842.0
63,2024,3,1,78,3376.0
48,2024,3,9,973,55491.0
71,2024,3,2,191,10797.0
45,2024,3,17,2528,119147.0
47,2024,3,7,838,53331.0
11,2024,3,29,5803,278137.0
78,2024,3,2,208,8756.0
27,2024,3,15,2234,105418.0
67,2024,3,4,840,47165.0
69,2024,3,1,252,13405.0
33,2024,3,12,1534,88472.0
21,2024,3,10,1389,64908.0
4,2024,3,68,15177,739904.0
10,2024,3,16,3404,176770.0
29,2024,3,20,5370,271597.0
19,2024,3,17,3514,178073.0
44,2024,3,17,3085,143895.0
70,2024,3,7,688,23934.0
40,2024,3,11,1863,96597.0
57,2024,3,6,1492,76458.0
65,2024,3,7,645,27997.0
32,2024,3,4,1035,52029.0
22,2024,3,18,592,37559.0
30,2024,3,23,2415,112481.0
31,2024,3,7,707,36834.0
15,2024,3,32,6057,294553.0
54,2024,3,3,287,18726.0
25,2024,3,13,2838,136899.0
16,2024,3,63,6112,288821.0
26,2024,3,18,2924,162860.0
81,2024,3,1,188,8521.0
37,2024,3,8,1647,75819.0
36,2024,3,5,491,25037.0
62,2024,3,4,164,9518.0
75,2024,3,6,1089,55351.0
59,2024,3,2,766,38989.0
6,2024,3,25,4680,197058.0
43,2024,3,45,1151,60286.0
82,2024,3,1,208,9881.0
3,2024,3,24,8361,384770.0
79,2024,3,6,648,35034.0
23,2024,3,25,4705,229707.0
74,2024,3,4,362,20205.0
8,2024,3,60,5267,252238.0
52,2024,3,4,1684,78414.0
41,2024,3,43,572,30463.0
55,2024,3,7,1213,73207.0
35,2024,3,11,2189,114536.0
17,2024,3,25,7479,361998.0
53,2024,3,3,337,20445.0
9,2024,3,83,10049,443408.0
14,2024,3,11,3038,128514.0
12,2024,3,31,3405,184086.0
20,2024,3,22,1011,57305.0
64,2024,3,10,985,47512.0
7,2024,3,36,9761,463146.0
46,2024,3,3,191,11072.0
51,2024,3,1,147,7861.0
42,2024,3,9,188,11745.0
68,2024,3,3,787,43864.0
28,2024,3,5,1390,69111.0
13,2024,3,29,8127,403768.0
34,2024,3,23,1873,88524.0
18,2024,3,22,4108,218177.0
72,2024,3,14,2581,124159.0
24,2024,3,20,2395,124543.0
1,2024,3,31,23749,1296608.0
2,2024,3,14,5576,301675.0
84,2024,3,4,281,15753.0
39,2024,3,7,1294,75875.0
86,2024,3,1,40,2144.0
60,2024,3,6,490,27063.0
38,2024,3,39,3640,170545.0
58,2024,3,7,558,24189.0
85,2024,3,3,446,22926.0
87,2024,3,3,372,22965.0
50,2024,2,6,886,43747.0
5,2024,2,34,8697,389456.0
56,2024,2,26,2309,125373.0
76,2024,2,2,133,5757.0
61,2024,2,15,2091,115259.0
73,2024,2,1,32,2330.0
66,2024,2,5,1084,73078.0
77,2024,2,3,260,15294.0
83,2024,2,2,303,21534.0
49,2024,2,6,935,48185.0
63,2024,2,1,280,16252.0
48,2024,2,8,764,40437.0
71,2024,2,5,351,22128.0
45,2024,2,10,1751,85261.0
47,2024,2,2,168,11112.0
11,2024,2,39,7425,364667.0
78,2024,2,7,346,14569.0
27,2024,2,10,1447,76714.0
67,2024,2,10,1864,95841.0
69,2024,2,1,486,27082.0
33,2024,2,16,2008,118131.0
21,2024,2,6,1048,47271.0
4,2024,2,48,11649,572844.0
10,2024,2,19,4095,192742.0
29,2024,2,21,4289,208917.0
19,2024,2,28,4491,240773.0
44,2024,2,31,4739,233701.0
70,2024,2,8,1124,50896.0
40,2024,2,12,1807,85176.0
57,2024,2,23,4809,201521.0
65,2024,2,6,779,38740.0
32,2024,2,6,1164,59808.0
22,2024,2,18,1232,65894.0
30,2024,2,32,3236,157052.0
31,2024,2,25,2861,132105.0
15,2024,2,41,6258,303109.0
54,2024,2,6,737,43604.0
25,2024,2,13,1887,92432.0
16,2024,2,31,2825,147293.0
26,2024,2,5,1257,62598.0
81,2024,2,2,461,24673.0
37,2024,2,16,2227,108958.0
36,2024,2,8,1082,57453.0
62,2024,2,9,841,41195.0
75,2024,2,9,861,45276.0
59,2024,2,4,1030,49163.0
6,2024,2,25,10189,426510.0
43,2024,2,11,1793,92293.0
3,2024,2,44,16596,757239.0
23,2024,2,17,3023,169840.0
74,2024,2,3,455,22873.0
8,2024,2,88,10482,521386.0
52,2024,2,2,422,23620.0
41,2024,2,42,2960,157400.0
55,2024,2,5,745,37801.0
35,2024,2,12,2464,130449.0
17,2024,2,15,3153,138637.0
53,2024,2,9,1133,63081.0
9,2024,2,26,11241,491356.0
14,2024,2,5,1508,74071.0
12,2024,2,53,3077,172598.0
20,2024,2,15,1233,63215.0
64,2024,2,7,835,38814.0
7,2024,2,62,15706,741590.0
46,2024,2,5,497,30446.0
51,2024,2,6,570,29071.0
42,2024,2,17,1256,64421.0
68,2024,2,4,344,19843.0
28,2024,2,6,1433,67275.0
13,2024,2,54,8376,437175.0
34,2024,2,11,2232,100937.0
18,2024,2,26,4526,221116.0
72,2024,2,6,1200,52397.0
24,2024,2,25,2779,142679.0
1,2024,2,36,26235,1296073.0
2,2024,2,28,5234,230325.0
39,2024,2,9,1547,76416.0
60,2024,2,18,1146,61663.0
38,2024,2,27,4412,205816.0
58,2024,2,1,91,4237.0
85,2024,2,4,568,34405.0
87,2024,2,3,246,14841.0
50,2024,1,12,2280,100771.0
5,2024,1,25,6887,293608.0
56,2024,1,3,258,13413.0
61,2024,1,10,1676,97291.0
66,2024,1,7,168,11206.0
83,2024,1,2,469,17620.0
49,2024,1,4,380,19432.0
63,2024,1,3,462,28444.0
48,2024,1,5,792,50889.0
71,2024,1,3,424,23535.0
45,2024,1,9,1322,59958.0
47,2024,1,13,1255,74158.0
11,2024,1,24,4627,254039.0
78,2024,1,14,674,27203.0
27,2024,1,10,2004,94749.0
67,2024,1,1,136,9641.0
33,2024,1,10,1211,65683.0
21,2024,1,8,1696,93311.0
4,2024,1,78,12697,614866.0
10,2024,1,8,1387,77490.0
29,2024,1,35,6251,329807.0
19,2024,1,28,5682,298237.0
44,2024,1,12,1392,72231.0
70,2024,1,9,1357,65860.0
40,2024,1,10,1778,81102.0
57,2024,1,13,2685,107337.0
65,2024,1,6,144,7545.0
32,2024,1,8,1675,84623.0
22,2024,1,5,575,33969.0
30,2024,1,15,1145,58255.0
31,2024,1,7,1057,56982.0
15,2024,1,16,2711,143762.0
54,2024,1,6,434,26929.0
25,2024,1,4,848,42641.0
16,2024,1,23,3738,192801.0
26,2024,1,7,990,56257.0
81,2024,1,1,56,2657.0
37,2024,1,7,999,54218.0
36,2024,1,6,818,38515.0
62,2024,1,9,511,28269.0
75,2024,1,8,1374,71242.0
59,2024,1,3,279,16454.0
6,2024,1,11,4870,181684.0
43,2024,1,59,289,20682.0
3,2024,1,70,16023,710800.0
23,2024,1,18,2423,111813.0
74,2024,1,2,207,12470.0
8,2024,1,143,5572,275772.0
52,2024,1,1,175,10165.0
41,2024,1,9,1081,56416.0
55,2024,1,3,567,32292.0
35,2024,1,9,2063,112882.0
17,2024,1,11,2589,123910.0
53,2024,1,4,345,16968.0
9,2024,1,29,4762,237571.0
14,2024,1,34,4612,248517.0
12,2024,1,9,1898,99288.0
20,2024,1,2,223,11191.0
64,2024,1,3,903,40015.0
7,2024,1,45,12595,643107.0
46,2024,1,6,360,20505.0
51,2024,1,4,415,21768.0
42,2024,1,8,741,37762.0
68,2024,1,8,874,43120.0
28,2024,1,15,3305,168144.0
13,2024,1,36,8640,430563.0
34,2024,1,9,1378,60718.0
18,2024,1,24,4570,225470.0
72,2024,1,3,661,30942.0
24,2024,1,18,1533,87003.0
1,2024,1,47,28580,1581073.0
2,2024,1,37,11550,486591.0
39,2024,1,8,1181,58366.0
60,2024,1,10,431,22150.0
38,2024,1,28,4929,239328.0
58,2024,1,9,795,37093.0
85,2024,1,1,96,6025.0
50,2023,4,5,1253,56035.0
5,2023,4,57,10093,466149.0
56,2023,4,12,727,46537.0
61,2023,4,6,1071,57567.0
66,2023,4,2,373,29339.0
77,2023,4,3,101,7145.0
83,2023,4,6,816,46294.0
49,2023,4,2,252,14327.0
63,2023,4,4,546,27587.0
48,2023,4,15,1758,100764.0
71,2023,4,3,601,33607.0
45,2023,4,12,2752,136885.0
47,2023,4,8,651,44844.0
11,2023,4,82,7376,374115.0
78,2023,4,13,1468,61099.0
27,2023,4,12,2106,103217.0
67,2023,4,8,476,23369.0
69,2023,4,1,280,21042.0
33,2023,4,13,1409,77567.0
21,2023,4,20,3968,193188.0
4,2023,4,65,16180,764927.0
10,2023,4,32,8119,403839.0
29,2023,4,24,6543,293583.0
19,2023,4,48,7970,369976.0
44,2023,4,13,3141,160818.0
70,2023,4,14,2762,119133.0
40,2023,4,13,872,45460.0
57,2023,4,12,2476,109515.0
65,2023,4,11,1552,83138.0
32,2023,4,11,1579,85262.0
22,2023,4,11,1394,69840.0
30,2023,4,28,3272,161685.0
31,2023,4,34,1782,96246.0
15,2023,4,18,3702,208725.0
54,2023,4,14,900,53216.0
25,2023,4,12,2084,103261.0
16,2023,4,26,2982,172297.0
26,2023,4,10,1285,72253.0
37,2023,4,12,1161,59600.0
36,2023,4,14,2473,126528.0
62,2023,4,4,238,13922.0
75,2023,4,8,1257,58392.0
6,2023,4,90,16657,666036.0
43,2023,4,12,321,19356.0
3,2023,4,89,31450,1403538.0
23,2023,4,14,2612,141174.0
74,2023,4,6,685,36855.0
8,2023,4,160,8805,431063.0
52,2023,4,3,575,30457.0
41,2023,4,18,2750,127405.0
55,2023,4,8,1432,77742.0
35,2023,4,15,3768,199336.0
17,2023,4,23,4792,237287.0
53,2023,4,6,791,41679.0
9,2023,4,58,15107,696208.0
14,2023,4,6,1617,82941.0
12,2023,4,10,1712,96212.0
20,2023,4,24,3650,187080.0
64,2023,4,11,1331,69119.0
7,2023,4,49,10757,508889.0
46,2023,4,17,1871,106174.0
51,2023,4,9,1032,53628.0
42,2023,4,12,1226,60820.0
68,2023,4,23,336,17918.0
28,2023,4,60,7144,342793.0
13,2023,4,73,15289,777557.0
34,2023,4,19,1949,96894.0
18,2023,4,37,6232,304219.0
72,2023,4,4,505,23647.0
24,2023,4,20,1611,92750.0
1,2023,4,57,42847,2152976.0
2,2023,4,39,15617,637876.0
39,2023,4,14,2473,133386.0
86,2023,4,1,40,2143.0
60,2023,4,16,1174,62491.0
38,2023,4,36,4339,203816.0
58,2023,4,3,179,7849.0
85,2023,4,1,108,5996.0
50,2023,3,25,3212,134868.0
5,2023,3,18,4862,223503.0
56,2023,3,12,971,57822.0
76,2023,3,1,99,3940.0
61,2023,3,7,947,59022.0
66,2023,3,1,160,11212.0
77,2023,3,3,271,15823.0
49,2023,3,4,495,19856.0
48,2023,3,5,469,27035.0
71,2023,3,6,643,31547.0
45,2023,3,10,1910,87436.0
47,2023,3,4,388,22765.0
11,2023,3,48,10246,542715.0
78,2023,3,6,629,30425.0
27,2023,3,17,2933,144374.0
67,2023,3,9,442,29635.0
33,2023,3,23,3082,171086.0
21,2023,3,13,2104,101274.0
4,2023,3,51,8195,369448.0
10,2023,3,16,4530,257829.0
29,2023,3,24,5948,285556.0
19,2023,3,27,4757,250398.0
44,2023,3,22,4858,234947.0
70,2023,3,4,385,19569.0
40,2023,3,4,898,33367.0
57,2023,3,7,1182,51688.0
65,2023,3,5,375,22794.0
32,2023,3,10,820,44935.0
22,2023,3,3,501,24548.0
30,2023,3,35,3587,167483.0
31,2023,3,13,1280,68074.0
15,2023,3,28,5998,308517.0
54,2023,3,5,543,30188.0
25,2023,3,24,3964,199499.0
16,2023,3,24,3089,149772.0
26,2023,3,3,346,19632.0
81,2023,3,1,160,9472.0
37,2023,3,6,904,42835.0
36,2023,3,7,744,37237.0
62,2023,3,7,412,23143.0
75,2023,3,8,1518,69389.0
59,2023,3,2,712,37522.0
6,2023,3,49,9845,398615.0
43,2023,3,22,3095,173586.0
82,2023,3,6,1079,48474.0
3,2023,3,44,15334,704769.0
23,2023,3,25,2979,162476.0
74,2023,3,2,220,11753.0
8,2023,3,54,6197,309050.0
52,2023,3,8,1395,77302.0
41,2023,3,7,528,31864.0
55,2023,3,7,1406,76187.0
35,2023,3,12,1916,102284.0
17,2023,3,12,2733,137427.0
53,2023,3,6,609,30435.0
9,2023,3,34,6798,327153.0
14,2023,3,8,1899,96238.0
12,2023,3,29,1931,106079.0
20,2023,3,15,771,44803.0
64,2023,3,21,2144,101354.0
7,2023,3,47,12402,535084.0
46,2023,3,6,451,24371.0
51,2023,3,6,800,40252.0
42,2023,3,13,561,33574.0
68,2023,3,3,423,23563.0
28,2023,3,9,2230,98656.0
13,2023,3,34,7273,353334.0
34,2023,3,10,1117,63312.0
18,2023,3,18,3459,166042.0
72,2023,3,6,449,22752.0
24,2023,3,24,2096,114809.0
1,2023,3,52,29110,1477152.0
2,2023,3,42,17886,708092.0
39,2023,3,15,1145,49214.0
60,2023,3,4,294,13334.0
38,2023,3,19,2233,112495.0
85,2023,3,2,173,8147.0
5,2023,2,54,9174,427733.0
56,2023,2,8,1008,61125.0
76,2023,2,6,627,28442.0
61,2023,2,3,250,14980.0
73,2023,2,1,170,14558.0
66,2023,2,56,1580,102568.0
77,2023,2,1,96,5022.0
49,2023,2,6,718,36150.0
63,2023,2,4,602,30254.0
48,2023,2,9,919,47717.0
71,2023,2,6,1033,56458.0
45,2023,2,9,1131,58767.0
47,2023,2,3,327,20478.0
11,2023,2,29,5404,259210.0
78,2023,2,11,654,26465.0
27,2023,2,10,2035,100846.0
67,2023,2,12,957,50199.0
33,2023,2,13,2187,124277.0
21,2023,2,3,456,19051.0
4,2023,2,17,4984,235303.0
10,2023,2,12,2474,131284.0
29,2023,2,44,7159,334382.0
19,2023,2,10,1312,75771.0
44,2023,2,21,3136,154346.0
70,2023,2,8,1234,53815.0
40,2023,2,13,1817,77844.0
57,2023,2,2,558,27532.0
65,2023,2,6,711,34773.0
32,2023,2,7,727,44559.0
22,2023,2,10,1330,68962.0
30,2023,2,27,2126,106230.0
31,2023,2,14,1442,75355.0
15,2023,2,20,5092,236408.0
54,2023,2,10,768,48145.0
25,2023,2,4,245,11159.0
16,2023,2,18,2041,101289.0
26,2023,2,5,589,32626.0
81,2023,2,10,1643,107265.0
37,2023,2,7,1004,53210.0
36,2023,2,4,374,17274.0
62,2023,2,8,610,34387.0
75,2023,2,9,1139,57916.0
59,2023,2,2,320,14902.0
6,2023,2,31,9766,399597.0
43,2023,2,8,1584,87276.0
3,2023,2,62,22621,970270.0
23,2023,2,25,3257,155996.0
74,2023,2,6,546,28164.0
8,2023,2,51,8075,411668.0
52,2023,2,9,1194,81500.0
41,2023,2,14,1636,77750.0
55,2023,2,3,686,36264.0
35,2023,2,10,2701,147324.0
17,2023,2,15,4218,196372.0
53,2023,2,4,309,14673.0
9,2023,2,50,11417,553527.0
14,2023,2,12,3277,124102.0
12,2023,2,24,6006,300751.0
20,2023,2,10,1026,45877.0
64,2023,2,5,532,23231.0
7,2023,2,45,11008,505675.0
46,2023,2,12,1241,72079.0
51,2023,2,9,1318,67240.0
42,2023,2,14,1102,60694.0
68,2023,2,13,1130,61799.0
28,2023,2,9,1510,72774.0
13,2023,2,38,6906,356173.0
34,2023,2,15,1452,78946.0
18,2023,2,16,2210,106656.0
72,2023,2,5,689,32627.0
24,2023,2,13,1229,64753.0
1,2023,2,42,22249,1188087.0
2,2023,2,39,11116,474739.0
39,2023,2,9,1235,62193.0
60,2023,2,4,200,10652.0
38,2023,2,13,931,47818.0
58,2023,2,8,510,28931.0
50,2023,1,2,516,21592.0
5,2023,1,19,3903,188859.0
56,2023,1,4,684,39441.0
61,2023,1,2,371,17235.0
83,2023,1,1,104,6534.0
49,2023,1,3,299,14492.0
63,2023,1,2,613,25387.0
48,2023,1,9,1029,56460.0
71,2023,1,2,225,13047.0
45,2023,1,9,901,39903.0
47,2023,1,2,210,13457.0
11,2023,1,25,3895,196932.0
78,2023,1,4,250,11587.0
27,2023,1,18,4242,209819.0
67,2023,1,4,296,16755.0
33,2023,1,17,1916,113038.0
21,2023,1,14,2448,115921.0
4,2023,1,72,16313,673760.0
10,2023,1,10,2997,140005.0
29,2023,1,13,2758,144302.0
19,2023,1,20,3176,164919.0
44,2023,1,18,3481,173777.0
70,2023,1,6,659,28310.0
40,2023,1,13,1855,77379.0
57,2023,1,11,2514,108497.0
65,2023,1,5,441,23731.0
32,2023,1,1,104,6915.0
22,2023,1,7,931,49865.0
30,2023,1,18,2176,109363.0
31,2023,1,12,1073,54860.0
15,2023,1,16,4610,218177.0
54,2023,1,5,359,23825.0
25,2023,1,12,1991,106555.0
16,2023,1,6,350,18223.0
26,2023,1,6,764,45224.0
81,2023,1,1,103,5266.0
37,2023,1,14,2200,107641.0
36,2023,1,12,1442,77610.0
62,2023,1,5,351,18790.0
75,2023,1,5,675,31303.0
59,2023,1,2,200,9183.0
6,2023,1,17,4435,187669.0
43,2023,1,28,710,48004.0
3,2023,1,56,18758,835964.0
79,2023,1,1,140,7945.0
23,2023,1,18,2849,140015.0
74,2023,1,1,176,8714.0
8,2023,1,65,7429,377620.0
41,2023,1,5,716,34784.0
55,2023,1,2,396,24084.0
35,2023,1,12,1782,93400.0
17,2023,1,12,2014,91958.0
53,2023,1,5,549,28697.0
9,2023,1,19,5448,266194.0
14,2023,1,4,1213,57447.0
12,2023,1,27,5407,308407.0
20,2023,1,1,219,12927.0
64,2023,1,2,312,14927.0
7,2023,1,42,9252,454022.0
46,2023,1,9,978,51012.0
51,2023,1,6,774,34961.0
42,2023,1,6,459,26156.0
68,2023,1,17,204,10418.0
28,2023,1,16,4252,206963.0
13,2023,1,35,7760,396812.0
34,2023,1,6,1137,48891.0
18,2023,1,27,5914,276328.0
72,2023,1,2,338,15778.0
24,2023,1,13,1130,60079.0
1,2023,1,51,19084,960509.0
2,2023,1,29,8919,374507.0
39,2023,1,10,807,39125.0
60,2023,1,3,370,19842.0
38,2023,1,9,2390,112678.0
50,2022,4,4,604,26085.0
5,2022,4,50,8610,407699.0
56,2022,4,5,592,36654.0
76,2022,4,2,209,8230.0
73,2022,4,1,32,2378.0
66,2022,4,4,773,51118.0
77,2022,4,1,80,4829.0
83,2022,4,3,511,35293.0
49,2022,4,3,340,20098.0
63,2022,4,3,782,28058.0
48,2022,4,10,756,47475.0
71,2022,4,1,84,4959.0
45,2022,4,7,847,47168.0
47,2022,4,8,986,66805.0
11,2022,4,34,5991,305663.0
78,2022,4,4,380,16028.0
27,2022,4,29,5080,244105.0
67,2022,4,8,844,48010.0
33,2022,4,14,1345,84200.0
21,2022,4,11,1795,89713.0
4,2022,4,133,34232,1559693.0
10,2022,4,20,5792,292624.0
29,2022,4,43,3646,188765.0
19,2022,4,22,3020,169587.0
44,2022,4,5,789,47646.0
70,2022,4,5,1000,45962.0
40,2022,4,10,1169,53774.0
57,2022,4,5,1319,71086.0
65,2022,4,22,1593,78074.0
32,2022,4,5,691,32798.0
22,2022,4,19,991,55630.0
30,2022,4,20,2442,112382.0
31,2022,4,6,491,26709.0
15,2022,4,24,4399,233154.0
54,2022,4,3,293,18313.0
25,2022,4,32,2518,122090.0
16,2022,4,15,1349,70417.0
26,2022,4,5,1125,64231.0
37,2022,4,7,1045,54110.0
36,2022,4,16,1632,80136.0
62,2022,4,10,718,36833.0
75,2022,4,7,1063,54551.0
59,2022,4,2,141,9515.0
6,2022,4,45,11541,469366.0
43,2022,4,4,853,47155.0
3,2022,4,44,13950,600597.0
23,2022,4,11,1856,99048.0
74,2022,4,4,574,31926.0
8,2022,4,42,10346,481851.0
52,2022,4,8,1489,75165.0
41,2022,4,20,2466,122350.0
55,2022,4,4,843,46721.0
35,2022,4,19,4263,238934.0
17,2022,4,29,7003,332557.0
53,2022,4,8,790,39984.0
9,2022,4,21,1590,74921.0
14,2022,4,8,2857,135609.0
12,2022,4,31,6672,394281.0
20,2022,4,16,2824,164228.0
7,2022,4,26,10231,421145.0
46,2022,4,6,531,30783.0
51,2022,4,7,709,38491.0
42,2022,4,8,702,31930.0
68,2022,4,25,1159,69238.0
28,2022,4,32,3327,169241.0
13,2022,4,51,9734,475363.0
34,2022,4,13,1164,55650.0
18,2022,4,13,2315,119894.0
72,2022,4,6,1110,53230.0
24,2022,4,13,1059,53851.0
1,2022,4,55,25698,1329935.0
2,2022,4,14,6016,251185.0
39,2022,4,7,1607,83649.0
60,2022,4,12,828,42480.0
38,2022,4,14,1802,93234.0
50,2022,3,8,1377,59971.0
5,2022,3,42,5605,268961.0
56,2022,3,8,789,41243.0
76,2022,3,1,48,2955.0
61,2022,3,2,1132,76436.0
66,2022,3,2,241,27082.0
49,2022,3,4,189,9946.0
63,2022,3,1,182,9458.0
48,2022,3,8,820,42458.0
71,2022,3,3,212,11603.0
45,2022,3,15,1716,76806.0
47,2022,3,4,409,27251.0
11,2022,3,49,9013,430696.0
78,2022,3,2,96,3861.0
27,2022,3,17,2717,130521.0
67,2022,3,11,1137,56501.0
69,2022,3,3,672,60660.0
33,2022,3,8,992,55932.0
21,2022,3,10,2087,101547.0
4,2022,3,64,14415,694124.0
10,2022,3,10,2112,115417.0
29,2022,3,61,6621,325651.0
19,2022,3,18,3307,183112.0
44,2022,3,8,1070,56019.0
70,2022,3,4,564,25249.0
40,2022,3,6,856,39355.0
57,2022,3,5,1295,63311.0
65,2022,3,10,796,43491.0
32,2022,3,11,1088,58494.0
22,2022,3,9,1800,88681.0
30,2022,3,16,1287,76454.0
31,2022,3,23,1844,115197.0
15,2022,3,19,4653,189920.0
54,2022,3,10,1122,66538.0
25,2022,3,18,1544,85410.0
16,2022,3,13,1239,63179.0
26,2022,3,8,952,51459.0
37,2022,3,6,701,33963.0
36,2022,3,7,1193,54948.0
62,2022,3,6,558,30445.0
75,2022,3,6,734,35646.0
59,2022,3,6,1691,85075.0
6,2022,3,38,12991,532675.0
43,2022,3,5,1197,62303.0
3,2022,3,65,23665,1066126.0
23,2022,3,10,2003,102150.0
74,2022,3,4,461,23810.0
8,2022,3,60,9543,498460.0
52,2022,3,7,1718,92779.0
41,2022,3,4,1536,69393.0
55,2022,3,2,328,25203.0
35,2022,3,8,1768,100015.0
17,2022,3,18,3357,174071.0
53,2022,3,2,428,20869.0
9,2022,3,54,8762,414762.0
14,2022,3,4,1035,54932.0
12,2022,3,28,900,53677.0
20,2022,3,12,2649,137001.0
64,2022,3,9,1248,62137.0
7,2022,3,49,13116,637539.0
46,2022,3,7,680,34546.0
51,2022,3,6,731,38127.0
42,2022,3,10,544,31723.0
68,2022,3,4,396,23940.0
28,2022,3,12,1760,86987.0
13,2022,3,40,8148,417867.0
34,2022,3,6,1109,53434.0
18,2022,3,23,3108,161884.0
72,2022,3,10,947,45208.0
24,2022,3,14,1178,61098.0
1,2022,3,48,23680,1127940.0
2,2022,3,21,13181,541386.0
84,2022,3,1,50,2146.0
39,2022,3,9,1077,57246.0
60,2022,3,3,337,16584.0
38,2022,3,15,1806,97221.0
58,2022,3,3,547,25883.0
5,2022,2,20,3353,174166.0
56,2022,2,4,349,23078.0
66,2022,2,1,595,34437.0
77,2022,2,4,287,17593.0
83,2022,2,1,210,13563.0
49,2022,2,4,712,32489.0
63,2022,2,1,180,9461.0
48,2022,2,8,747,45989.0
71,2022,2,6,600,32039.0
45,2022,2,4,587,28225.0
47,2022,2,5,570,35747.0
11,2022,2,41,6716,330463.0
78,2022,2,11,494,20780.0
27,2022,2,8,1412,74564.0
67,2022,2,9,1157,56393.0
33,2022,2,11,1293,76073.0
21,2022,2,7,1612,90732.0
4,2022,2,67,16393,778226.0
10,2022,2,11,2060,118205.0
29,2022,2,14,1685,91723.0
19,2022,2,34,4023,213206.0
44,2022,2,4,936,54477.0
70,2022,2,9,870,45893.0
40,2022,2,11,1070,49902.0
57,2022,2,3,856,36839.0
65,2022,2,12,764,40339.0
32,2022,2,6,902,45952.0
22,2022,2,7,592,33779.0
30,2022,2,14,2468,114221.0
31,2022,2,10,704,40210.0
15,2022,2,16,2925,161618.0
54,2022,2,5,570,34998.0
25,2022,2,24,1976,97682.0
16,2022,2,19,2091,114382.0
26,2022,2,3,456,25907.0
37,2022,2,6,1122,55663.0
36,2022,2,6,557,28571.0
62,2022,2,5,428,25540.0
75,2022,2,3,379,19631.0
59,2022,2,2,256,15377.0
6,2022,2,9,4364,176474.0
43,2022,2,25,489,37680.0
3,2022,2,44,15011,701105.0
23,2022,2,13,2110,116459.0
74,2022,2,1,24,1204.0
8,2022,2,132,9680,467614.0
52,2022,2,6,974,50993.0
41,2022,2,3,304,15557.0
55,2022,2,4,775,42218.0
35,2022,2,7,934,49976.0
17,2022,2,12,2275,122391.0
53,2022,2,2,196,9863.0
9,2022,2,20,4483,237961.0
14,2022,2,5,1531,82492.0
12,2022,2,10,1792,111144.0
20,2022,2,5,1048,57328.0
64,2022,2,3,392,20267.0
7,2022,2,26,5352,262663.0
46,2022,2,3,210,11599.0
51,2022,2,4,328,16555.0
42,2022,2,10,1259,70151.0
68,2022,2,1,174,7994.0
28,2022,2,23,2859,124615.0
13,2022,2,18,3206,152886.0
34,2022,2,7,911,54647.0
18,2022,2,14,1766,103118.0
72,2022,2,1,86,3883.0
24,2022,2,5,718,40266.0
1,2022,2,59,38087,1878363.0
2,2022,2,32,12739,573309.0
39,2022,2,4,589,29872.0
60,2022,2,7,270,13188.0
38,2022,2,9,925,47635.0
58,2022,2,3,238,10342.0
5,2022,1,9,1573,70483.0
56,2022,1,1,182,11763.0
76,2022,1,1,178,8683.0
73,2022,1,1,16,1155.0
66,2022,1,2,544,42201.0
77,2022,1,1,18,1117.0
49,2022,1,2,218,10325.0
48,2022,1,14,1040,70712.0
71,2022,1,3,301,15439.0
45,2022,1,5,672,29257.0
47,2022,1,3,296,18949.0
11,2022,1,35,3918,217961.0
78,2022,1,2,180,8545.0
27,2022,1,7,1871,88445.0
67,2022,1,5,751,40039.0
33,2022,1,12,2020,107507.0
21,2022,1,15,2273,107397.0
4,2022,1,74,22906,1021512.0
10,2022,1,13,2611,147756.0
29,2022,1,18,3654,204292.0
19,2022,1,11,1430,74771.0
44,2022,1,9,1282,78762.0
70,2022,1,5,382,19103.0
40,2022,1,5,588,23860.0
65,2022,1,2,166,8355.0
32,2022,1,9,1043,58701.0
22,2022,1,5,527,30526.0
30,2022,1,9,1585,78003.0
31,2022,1,12,1069,56937.0
15,2022,1,17,2614,146362.0
54,2022,1,3,305,21823.0
25,2022,1,18,2166,103558.0
16,2022,1,24,2713,137195.0
26,2022,1,22,1945,98472.0
37,2022,1,14,2415,130019.0
36,2022,1,3,578,28199.0
62,2022,1,5,363,19695.0
75,2022,1,2,319,14471.0
59,2022,1,2,484,24237.0
6,2022,1,8,4188,179976.0
43,2022,1,19,456,31993.0
3,2022,1,53,15391,702253.0
23,2022,1,8,1510,83984.0
74,2022,1,2,152,8195.0
8,2022,1,86,5434,277558.0
52,2022,1,5,712,31818.0
41,2022,1,11,2343,116293.0
55,2022,1,2,105,5213.0
35,2022,1,2,423,22210.0
17,2022,1,10,2076,113911.0
53,2022,1,3,333,17736.0
9,2022,1,27,7395,365294.0
14,2022,1,5,1418,67845.0
12,2022,1,10,1694,84560.0
20,2022,1,7,1019,53945.0
64,2022,1,5,224,10387.0
7,2022,1,25,7068,348401.0
46,2022,1,6,419,26037.0
51,2022,1,3,234,11938.0
42,2022,1,8,503,25667.0
68,2022,1,5,380,20354.0
28,2022,1,12,1373,63320.0
13,2022,1,24,3766,209085.0
34,2022,1,6,500,27068.0
18,2022,1,16,3069,157957.0
72,2022,1,3,239,11268.0
24,2022,1,13,1093,59451.0
1,2022,1,52,27220,1384352.0
2,2022,1,13,3827,195273.0
39,2022,1,1,204,9255.0
38,2022,1,4,335,16312.0
58,2022,1,3,402,17526.0
5,2021,4,16,3929,201600.0
56,2021,4,12,1172,55624.0
76,2021,4,1,45,1712.0
66,2021,4,1,88,5895.0
77,2021,4,2,221,15156.0
49,2021,4,2,260,11082.0
63,2021,4,2,477,22777.0
48,2021,4,6,495,26872.0
71,2021,4,2,248,15421.0
45,2021,4,7,831,38448.0
47,2021,4,1,126,7197.0
11,2021,4,49,8100,422306.0
78,2021,4,1,68,3218.0
27,2021,4,11,2260,117432.0
67,2021,4,3,210,11542.0
69,2021,4,1,86,7714.0
33,2021,4,10,1289,85575.0
21,2021,4,3,656,35985.0
4,2021,4,127,6101,308109.0
10,2021,4,10,2650,135579.0
29,2021,4,53,7180,355416.0
19,2021,4,15,3499,200510.0
44,2021,4,2,347,16349.0
70,2021,4,5,550,27091.0
40,2021,4,9,1741,70091.0
57,2021,4,6,577,29177.0
65,2021,4,7,1337,72722.0
32,2021,4,9,858,49082.0
22,2021,4,4,598,32621.0
30,2021,4,43,3849,185634.0
31,2021,4,8,1533,57736.0
15,2021,4,35,6412,314068.0
54,2021,4,3,196,12192.0
25,2021,4,5,707,34656.0
16,2021,4,28,3468,173621.0
26,2021,4,11,730,35877.0
37,2021,4,10,1316,66435.0
36,2021,4,10,1256,65873.0
62,2021,4,5,389,22214.0
75,2021,4,3,502,27887.0
59,2021,4,22,1710,100558.0
6,2021,4,18,6107,246742.0
43,2021,4,3,432,27873.0
3,2021,4,76,21755,987712.0
23,2021,4,19,3481,179931.0
74,2021,4,5,670,32159.0
8,2021,4,126,6224,317675.0
52,2021,4,3,334,22881.0
41,2021,4,20,2427,120897.0
55,2021,4,6,1068,64074.0
35,2021,4,12,3830,193108.0
17,2021,4,15,4566,192043.0
53,2021,4,4,398,19616.0
9,2021,4,24,4179,196072.0
14,2021,4,5,1320,67870.0
12,2021,4,17,5282,271637.0
20,2021,4,20,1194,60361.0
64,2021,4,19,1894,94593.0
7,2021,4,51,13255,626754.0
46,2021,4,14,1157,60807.0
51,2021,4,6,723,40265.0
42,2021,4,11,627,30511.0
68,2021,4,5,1111,59328.0
28,2021,4,16,3043,152730.0
13,2021,4,53,8758,456060.0
34,2021,4,16,2566,127315.0
18,2021,4,20,2274,126355.0
72,2021,4,1,208,10881.0
24,2021,4,17,1601,85985.0
1,2021,4,69,35238,1846468.0
2,2021,4,28,14958,569776.0
39,2021,4,9,2022,111909.0
38,2021,4,11,464,24067.0
50,2021,3,3,444,27126.0
5,2021,3,32,6621,280207.0
56,2021,3,12,662,43171.0
73,2021,3,1,16,1178.0
66,2021,3,2,78,5022.0
77,2021,3,2,120,7949.0
49,2021,3,9,1266,68227.0
63,2021,3,2,119,5510.0
48,2021,3,15,1107,62489.0
71,2021,3,10,1318,65659.0
45,2021,3,6,583,30414.0
47,2021,3,20,2040,123373.0
11,2021,3,31,5592,285216.0
27,2021,3,32,6122,295316.0
67,2021,3,2,220,12616.0
69,2021,3,1,144,9399.0
33,2021,3,11,1500,83706.0
21,2021,3,6,748,42659.0
4,2021,3,97,29617,1336683.0
10,2021,3,12,3415,171737.0
29,2021,3,28,4614,236790.0
19,2021,3,25,3644,184304.0
44,2021,3,8,1407,86594.0
70,2021,3,3,138,7043.0
40,2021,3,6,656,26983.0
57,2021,3,1,64,3807.0
65,2021,3,18,1057,46398.0
32,2021,3,8,1510,81491.0
22,2021,3,14,1588,88860.0
30,2021,3,16,2466,131760.0
31,2021,3,12,984,64847.0
15,2021,3,25,5558,276593.0
54,2021,3,6,658,37117.0
25,2021,3,14,1907,93457.0
16,2021,3,29,3204,175881.0
26,2021,3,19,1506,79568.0
37,2021,3,5,559,26767.0
62,2021,3,7,488,27390.0
75,2021,3,10,785,44704.0
59,2021,3,4,876,42457.0
6,2021,3,31,9384,402891.0
43,2021,3,6,1254,79197.0
3,2021,3,59,16869,723534.0
23,2021,3,21,3050,163236.0
74,2021,3,4,404,23827.0
8,2021,3,38,6404,315820.0
52,2021,3,6,672,26101.0
41,2021,3,17,2875,145710.0
55,2021,3,2,362,17297.0
35,2021,3,8,1547,88157.0
17,2021,3,20,4193,204977.0
53,2021,3,4,532,29318.0
9,2021,3,32,6847,336509.0
14,2021,3,8,2153,97390.0
12,2021,3,26,5145,264667.0
20,2021,3,12,997,59123.0
64,2021,3,12,1049,54348.0
7,2021,3,47,9793,512043.0
46,2021,3,18,1503,76553.0
51,2021,3,7,934,52313.0
42,2021,3,7,1136,56379.0
68,2021,3,3,667,41601.0
28,2021,3,16,1762,103305.0
13,2021,3,48,12142,664976.0
34,2021,3,14,1721,87088.0
18,2021,3,23,2326,132753.0
72,2021,3,1,83,5116.0
24,2021,3,5,572,27589.0
1,2021,3,37,18289,984841.0
2,2021,3,65,19784,823780.0
39,2021,3,20,2497,139145.0
38,2021,3,6,1185,51904.0
58,2021,3,3,238,10342.0
5,2021,2,23,4321,222473.0
56,2021,2,4,555,27162.0
77,2021,2,3,182,10191.0
49,2021,2,5,653,35228.0
63,2021,2,6,704,35166.0
48,2021,2,5,342,20988.0
71,2021,2,3,236,11919.0
45,2021,2,9,1238,61243.0
47,2021,2,8,814,56613.0
11,2021,2,146,5844,303083.0
27,2021,2,13,2635,136962.0
67,2021,2,4,474,24716.0
33,2021,2,10,1363,80937.0
21,2021,2,16,2564,128451.0
4,2021,2,75,16002,680520.0
10,2021,2,12,2177,128816.0
29,2021,2,23,3199,167368.0
19,2021,2,20,3299,162130.0
44,2021,2,13,2225,117277.0
70,2021,2,7,844,43568.0
40,2021,2,8,740,36499.0
57,2021,2,4,631,31565.0
65,2021,2,11,941,47596.0
32,2021,2,11,1020,59265.0
22,2021,2,19,1137,70093.0
30,2021,2,32,3356,156206.0
31,2021,2,12,1386,77753.0
15,2021,2,32,7201,395702.0
54,2021,2,16,1283,64165.0
25,2021,2,57,4014,205848.0
16,2021,2,42,5268,285758.0
26,2021,2,8,1349,71606.0
37,2021,2,6,1019,43521.0
36,2021,2,8,1150,58798.0
62,2021,2,7,480,26207.0
75,2021,2,11,413,26589.0
59,2021,2,1,100,4537.0
6,2021,2,37,11884,480502.0
43,2021,2,28,1244,75849.0
82,2021,2,1,58,3187.0
3,2021,2,150,25301,1188461.0
23,2021,2,33,5004,240732.0
74,2021,2,9,447,23352.0
8,2021,2,157,10292,502000.0
52,2021,2,3,484,25188.0
41,2021,2,6,1069,57756.0
55,2021,2,7,1382,67991.0
35,2021,2,14,2158,116329.0
17,2021,2,28,4871,247660.0
53,2021,2,7,819,42511.0
9,2021,2,30,8309,382962.0
14,2021,2,6,2135,124146.0
12,2021,2,20,5686,297073.0
20,2021,2,9,1602,83991.0
64,2021,2,10,876,49429.0
7,2021,2,50,9822,521808.0
46,2021,2,13,1479,81735.0
51,2021,2,14,1237,66309.0
42,2021,2,25,3153,161529.0
68,2021,2,6,1046,61422.0
28,2021,2,12,1957,95944.0
13,2021,2,34,5028,245722.0
34,2021,2,20,3473,167301.0
18,2021,2,30,5951,291220.0
72,2021,2,6,726,34258.0
24,2021,2,14,1790,99493.0
1,2021,2,70,30920,1730588.0
2,2021,2,81,18038,761121.0
39,2021,2,10,1469,81221.0
60,2021,2,3,105,5242.0
38,2021,2,17,2034,99422.0
50,2021,1,6,728,34937.0
5,2021,1,18,4918,223498.0
56,2021,1,2,224,15645.0
49,2021,1,4,413,24621.0
63,2021,1,3,437,22340.0
48,2021,1,7,562,29445.0
71,2021,1,3,421,22450.0
45,2021,1,2,208,11569.0
11,2021,1,38,5407,277704.0
27,2021,1,14,2545,123815.0
67,2021,1,5,599,32991.0
33,2021,1,12,1478,93137.0
21,2021,1,7,1372,67751.0
4,2021,1,13,4673,241041.0
10,2021,1,8,1669,96338.0
29,2021,1,5,837,43581.0
19,2021,1,11,2941,145333.0
44,2021,1,3,308,16155.0
40,2021,1,5,867,37425.0
57,2021,1,2,506,27877.0
65,2021,1,3,247,10753.0
32,2021,1,5,1028,70912.0
22,2021,1,11,645,38731.0
30,2021,1,20,2335,125765.0
31,2021,1,2,55,4012.0
15,2021,1,17,4292,221400.0
54,2021,1,5,442,26047.0
25,2021,1,23,2221,119055.0
16,2021,1,27,3522,207557.0
26,2021,1,4,331,20609.0
37,2021,1,9,754,39135.0
36,2021,1,3,385,20401.0
62,2021,1,6,441,22913.0
75,2021,1,6,1000,54879.0
59,2021,1,3,210,11951.0
6,2021,1,14,3481,149167.0
3,2021,1,50,8952,399480.0
23,2021,1,14,2307,128520.0
74,2021,1,3,236,12874.0
8,2021,1,36,5247,266645.0
52,2021,1,1,138,6620.0
41,2021,1,10,1503,77212.0
55,2021,1,5,760,37899.0
35,2021,1,16,3330,180233.0
17,2021,1,16,3134,152472.0
9,2021,1,14,3128,150344.0
14,2021,1,6,1566,68129.0
12,2021,1,12,1580,77218.0
20,2021,1,9,1719,101734.0
64,2021,1,1,226,14722.0
7,2021,1,22,6810,299112.0
46,2021,1,10,916,53633.0
51,2021,1,3,279,16514.0
42,2021,1,5,427,27414.0
68,2021,1,2,222,18572.0
28,2021,1,3,712,34647.0
13,2021,1,36,4843,266411.0
34,2021,1,7,622,36326.0
18,2021,1,10,1368,73287.0
24,2021,1,15,2650,152878.0
1,2021,1,36,15907,858159.0
2,2021,1,18,5334,266513.0
39,2021,1,4,568,39766.0
60,2021,1,1,85,4108.0
38,2021,1,3,646,28974.0
50,2020,4,5,1529,76688.0
5,2020,4,20,4920,221461.0
56,2020,4,6,603,32715.0
76,2020,4,1,57,2141.0
77,2020,4,2,99,5716.0
49,2020,4,2,206,12598.0
63,2020,4,3,390,19668.0
48,2020,4,4,370,21864.0
71,2020,4,6,841,44155.0
45,2020,4,3,429,21871.0
47,2020,4,2,130,6760.0
11,2020,4,30,4748,237937.0
27,2020,4,24,4136,227836.0
67,2020,4,2,459,22956.0
33,2020,4,18,2709,154397.0
21,2020,4,24,3917,217152.0
4,2020,4,18,7489,326437.0
10,2020,4,10,2877,154977.0
29,2020,4,28,6446,287262.0
19,2020,4,13,1511,80603.0
44,2020,4,5,551,28130.0
70,2020,4,1,109,4979.0
40,2020,4,7,982,44302.0
57,2020,4,5,635,36379.0
65,2020,4,10,1033,52322.0
32,2020,4,5,627,40808.0
22,2020,4,10,699,40136.0
30,2020,4,6,569,26216.0
31,2020,4,22,1629,88190.0
15,2020,4,16,3781,172596.0
54,2020,4,2,279,15441.0
25,2020,4,38,625,39793.0
16,2020,4,20,2309,125016.0
26,2020,4,3,585,36082.0
37,2020,4,3,512,24598.0
36,2020,4,8,1214,59527.0
62,2020,4,3,109,6506.0
75,2020,4,4,627,30909.0
59,2020,4,3,742,35542.0
6,2020,4,45,13530,565564.0
3,2020,4,64,22391,1045264.0
23,2020,4,28,3618,177744.0
74,2020,4,5,463,24946.0
8,2020,4,34,4614,244619.0
52,2020,4,4,511,33035.0
41,2020,4,17,2206,103565.0
55,2020,4,9,1464,73446.0
35,2020,4,9,2220,128786.0
17,2020,4,9,1586,75707.0
53,2020,4,10,1348,68018.0
9,2020,4,30,7801,373079.0
12,2020,4,18,3483,175892.0
20,2020,4,19,2635,125694.0
64,2020,4,1,281,15718.0
7,2020,4,44,10542,532333.0
46,2020,4,11,866,51053.0
51,2020,4,4,525,28479.0
42,2020,4,8,902,48009.0
68,2020,4,1,48,3148.0
28,2020,4,5,1407,69928.0
13,2020,4,20,3164,166509.0
34,2020,4,13,1816,88604.0
18,2020,4,17,2793,136004.0
72,2020,4,3,515,19536.0
24,2020,4,8,1778,86397.0
1,2020,4,63,29629,1542587.0
2,2020,4,30,9801,421329.0
39,2020,4,11,961,53821.0
60,2020,4,5,370,17718.0
38,2020,4,10,1532,69978.0
58,2020,4,6,885,44002.0
5,2020,3,17,4211,218009.0
56,2020,3,2,181,8081.0
66,2020,3,1,54,4118.0
49,2020,3,3,256,13077.0
63,2020,3,2,251,11186.0
48,2020,3,5,480,26032.0
71,2020,3,5,484,25045.0
45,2020,3,2,911,45405.0
47,2020,3,1,86,6275.0
11,2020,3,31,5166,255457.0
27,2020,3,12,2092,96603.0
67,2020,3,5,545,31337.0
33,2020,3,14,2128,123869.0
21,2020,3,13,3254,160662.0
4,2020,3,27,7894,366710.0
10,2020,3,18,2577,145066.0
29,2020,3,17,2177,104739.0
19,2020,3,8,1087,58098.0
44,2020,3,6,907,48631.0
70,2020,3,3,346,17309.0
40,2020,3,8,814,43991.0
65,2020,3,12,962,48369.0
32,2020,3,7,948,54646.0
22,2020,3,4,160,9833.0
30,2020,3,8,849,42762.0
31,2020,3,11,1523,76581.0
15,2020,3,22,6606,339122.0
54,2020,3,4,430,26806.0
25,2020,3,6,811,42160.0
16,2020,3,29,2364,112847.0
26,2020,3,2,351,20825.0
37,2020,3,2,236,13143.0
36,2020,3,12,1602,68294.0
62,2020,3,9,413,19793.0
75,2020,3,3,487,26456.0
59,2020,3,4,445,26317.0
6,2020,3,18,4052,174021.0
43,2020,3,10,524,34695.0
3,2020,3,34,11328,538939.0
23,2020,3,13,2291,124679.0
74,2020,3,2,247,12037.0
8,2020,3,77,5835,307560.0
52,2020,3,5,1198,58357.0
41,2020,3,19,2283,115645.0
55,2020,3,2,352,17562.0
35,2020,3,12,2980,149557.0
17,2020,3,22,3162,158847.0
53,2020,3,6,433,22986.0
9,2020,3,26,4744,228228.0
14,2020,3,1,93,5614.0
12,2020,3,1,184,11316.0
20,2020,3,8,1290,63985.0
7,2020,3,15,3351,162449.0
46,2020,3,10,897,47892.0
51,2020,3,7,977,53003.0
42,2020,3,13,833,49065.0
28,2020,3,5,900,47780.0
13,2020,3,31,5615,277940.0
34,2020,3,11,1879,90906.0
18,2020,3,9,1313,68806.0
24,2020,3,8,728,37237.0
1,2020,3,40,21672,1255630.0
2,2020,3,27,12992,612833.0
39,2020,3,3,487,24250.0
60,2020,3,1,103,4951.0
38,2020,3,1,162,5989.0
58,2020,3,2,219,10639.0
5,2020,2,7,1583,81436.0
56,2020,2,5,287,13100.0
76,2020,2,1,58,2393.0
49,2020,2,4,431,19371.0
63,2020,2,1,72,3608.0
48,2020,2,5,358,19088.0
71,2020,2,2,171,9285.0
45,2020,2,4,391,16568.0
47,2020,2,1,151,9818.0
11,2020,2,23,5311,298164.0
27,2020,2,4,370,15456.0
67,2020,2,1,75,5081.0
33,2020,2,6,689,37950.0
21,2020,2,2,493,27646.0
4,2020,2,44,13554,538849.0
10,2020,2,5,1347,74992.0
29,2020,2,4,935,45141.0
19,2020,2,5,589,31488.0
44,2020,2,6,791,40873.0
70,2020,2,1,93,5129.0
40,2020,2,4,632,28103.0
57,2020,2,1,198,11761.0
65,2020,2,5,588,23013.0
32,2020,2,4,411,31083.0
22,2020,2,3,48,3500.0
30,2020,2,20,472,24018.0
31,2020,2,15,1119,59158.0
15,2020,2,19,2212,124579.0
54,2020,2,4,242,15371.0
25,2020,2,22,2699,141950.0
16,2020,2,29,2856,162508.0
26,2020,2,1,200,10904.0
37,2020,2,2,203,10523.0
62,2020,2,5,462,27520.0
75,2020,2,1,148,5938.0
59,2020,2,1,150,7451.0
6,2020,2,19,4475,175204.0
43,2020,2,3,626,34079.0
3,2020,2,37,7093,356609.0
23,2020,2,13,1785,100615.0
74,2020,2,1,64,3045.0
8,2020,2,34,5670,255652.0
52,2020,2,1,135,6617.0
41,2020,2,4,539,21270.0
55,2020,2,1,234,15085.0
35,2020,2,9,2092,106576.0
17,2020,2,14,2186,103845.0
9,2020,2,11,1973,101033.0
14,2020,2,1,98,5154.0
12,2020,2,6,1744,93367.0
20,2020,2,10,1380,78897.0
7,2020,2,12,2146,134944.0
46,2020,2,12,1068,58673.0
51,2020,2,3,277,16938.0
42,2020,2,12,595,26034.0
28,2020,2,14,1545,79185.0
13,2020,2,20,3800,205162.0
34,2020,2,5,527,27131.0
18,2020,2,22,1678,88571.0
24,2020,2,8,599,30951.0
1,2020,2,16,8803,551110.0
2,2020,2,13,4395,259338.0
39,2020,2,6,1263,65347.0
60,2020,2,1,18,930.0
38,2020,2,11,1499,78768.0
58,2020,2,2,357,18284.0
50,2020,1,4,1016,37804.0
5,2020,1,14,2817,145802.0
56,2020,1,1,88,4232.0
61,2020,1,1,403,24410.0
77,2020,1,1,33,1737.0
49,2020,1,1,86,3746.0
63,2020,1,2,503,20664.0
48,2020,1,2,258,12983.0
45,2020,1,2,175,7826.0
47,2020,1,3,204,12989.0
11,2020,1,11,2453,120576.0
27,2020,1,3,723,34073.0
67,2020,1,2,181,10531.0
33,2020,1,9,927,51581.0
21,2020,1,3,1015,57451.0
4,2020,1,46,5380,260690.0
10,2020,1,8,2198,98604.0
29,2020,1,6,1139,59166.0
19,2020,1,4,299,16300.0
44,2020,1,23,2016,104837.0
70,2020,1,3,616,32805.0
40,2020,1,2,274,13070.0
57,2020,1,2,121,7711.0
65,2020,1,6,392,19302.0
32,2020,1,2,129,6500.0
22,2020,1,6,1066,54752.0
30,2020,1,2,105,5473.0
31,2020,1,7,1745,81812.0
15,2020,1,7,1839,79120.0
54,2020,1,1,116,6138.0
25,2020,1,9,999,57873.0
16,2020,1,6,717,31829.0
26,2020,1,2,120,7378.0
37,2020,1,4,622,31179.0
36,2020,1,9,778,34384.0
62,2020,1,2,91,5401.0
75,2020,1,2,291,16651.0
59,2020,1,1,2,10.0
6,2020,1,4,693,34232.0
43,2020,1,6,1338,72745.0
3,2020,1,54,5878,294351.0
23,2020,1,13,2646,151896.0
74,2020,1,1,168,11064.0
8,2020,1,19,3025,142351.0
52,2020,1,1,219,11705.0
41,2020,1,1,35,2038.0
55,2020,1,5,1140,64218.0
35,2020,1,2,543,27605.0
17,2020,1,9,1332,66648.0
9,2020,1,19,2396,118310.0
14,2020,1,6,2137,99749.0
12,2020,1,11,2733,135982.0
20,2020,1,7,1149,54209.0
7,2020,1,17,6033,254704.0
46,2020,1,7,750,38163.0
51,2020,1,5,591,32713.0
42,2020,1,13,1389,69430.0
68,2020,1,1,308,15835.0
13,2020,1,18,4539,236305.0
34,2020,1,5,283,16204.0
18,2020,1,4,1126,67350.0
24,2020,1,3,94,5051.0
1,2020,1,27,11747,586406.0
2,2020,1,8,6109,252682.0
39,2020,1,8,1012,56930.0
60,2020,1,1,27,933.0
38,2020,1,6,807,35435.0
